ID,Study,Male,Adult,enter,exit,event,cause,COD
ACRP1,ACR,0,1,278,365,0,Censored,Censored
ACRP1,ACR,0,1,0,364,0,Censored,Censored
ACRP1,ACR,0,1,0,364,0,Censored,Censored
ACRP1,ACR,0,1,0,364,0,Censored,Censored
ACRP1,ACR,0,1,0,40,0,Censored,Censored
ACRP10,ACR,0,1,126,169,0,Censored,Censored
ACRP11,ACR,0,1,267,364,0,Censored,Censored
ACRP11,ACR,0,1,0,364,0,Censored,Censored
ACRP11,ACR,0,1,0,11,0,Censored,Censored
ACRP12,ACR,0,1,311,364,0,Censored,Censored
ACRP12,ACR,0,1,0,151,0,Censored,Censored
ACRP13,ACR,1,1,346,364,0,Censored,Censored
ACRP13,ACR,1,1,0,364,0,Censored,Censored
ACRP13,ACR,1,1,0,51,0,Censored,Censored
ACRP14,ACR,1,0,6,209,1,Management,DEPREDATION
ACRP15,ACR,1,0,35,37,1,Management,DEPREDATION
ACRP16,ACR,0,1,74,364,0,Censored,Censored
ACRP16,ACR,0,1,0,51,0,Censored,Censored
ACRP17,ACR,0,0,81,348,0,Censored,Censored
ACRP19,ACR,1,0,212,364,0,Censored,Censored
ACRP19,ACR,1,0,0,364,0,Censored,Censored
ACRP19,ACR,1,0,0,51,0,Censored,Censored
ACRP2,ACR,0,0,316,365,0,Censored,Censored
ACRP2,ACR,0,0,0,243,0,Censored,Censored
ACRP2,ACR,0,1,244,286,0,Censored,Censored
ACRP21,ACR,1,1,40,50,1,Management,DEPREDATION
ACRP4,ACR,0,1,50,364,0,Censored,Censored
ACRP4,ACR,0,1,0,364,0,Censored,Censored
ACRP4,ACR,0,1,0,364,0,Censored,Censored
ACRP4,ACR,0,1,0,51,0,Censored,Censored
ACRP5,ACR,1,1,90,364,0,Censored,Censored
ACRP5,ACR,1,1,0,364,0,Censored,Censored
ACRP5,ACR,1,1,0,364,0,Censored,Censored
ACRP5,ACR,1,1,0,51,0,Censored,Censored
ACRP6,ACR,0,0,229,364,0,Censored,Censored
ACRP6,ACR,0,0,0,205,1,Management,DEPREDATION
ACRP9,ACR,0,1,56,364,0,Censored,Censored
ACRP9,ACR,0,1,0,8,1,Natural (Non-ISA),"NATURAL CAUSE"
Central_CoastSF1,Central_Coast,0,1,336,364,0,Censored,Censored
Central_CoastSF1,Central_Coast,0,1,0,364,0,Censored,Censored
Central_CoastSF1,Central_Coast,0,1,0,204,0,Censored,Censored
Central_CoastSF2,Central_Coast,0,1,25,364,0,Censored,Censored
Central_CoastSF2,Central_Coast,0,1,0,149,1,Unknown,UNKNOWN
Central_CoastSF3,Central_Coast,0,1,26,364,0,Censored,Censored
Central_CoastSF3,Central_Coast,0,1,0,15,0,Censored,Censored
Central_CoastSF4,Central_Coast,0,1,51,364,0,Censored,Censored
Central_CoastSF4,Central_Coast,0,1,0,204,0,Censored,Censored
Central_CoastSF5,Central_Coast,0,1,98,364,0,Censored,Censored
Central_CoastSF5,Central_Coast,0,1,0,45,0,Censored,Censored
Central_CoastSM1,Central_Coast,1,1,18,364,0,Censored,Censored
Central_CoastSM1,Central_Coast,1,1,0,76,1,Vehicle,HIT BY CAR
Central_CoastSM2,Central_Coast,1,1,110,165,1,Management,DEPREDATION
Central_CoastSM3,Central_Coast,1,1,341,364,0,Censored,Censored
Central_CoastSM3,Central_Coast,1,1,0,364,0,Censored,Censored
Central_CoastSM3,Central_Coast,1,1,0,147,0,Censored,Censored
Central_CoastSM4,Central_Coast,1,1,9,364,0,Censored,Censored
Central_CoastSM4,Central_Coast,1,1,0,204,0,Censored,Censored
Central_CoastSM5,Central_Coast,1,1,51,60,0,Censored,Censored
Eastern_Sierra1,Eastern_Sierra,0,1,336,364,0,Censored,Censored
Eastern_Sierra1,Eastern_Sierra,0,1,0,127,1,Natural (Non-ISA),"NATURAL"
Eastern_Sierra10,Eastern_Sierra,1,0,93,365,0,Censored,Censored
Eastern_Sierra10,Eastern_Sierra,1,0,0,364,0,Censored,Censored
Eastern_Sierra10,Eastern_Sierra,1,0,0,131,0,Censored,Censored
Eastern_Sierra102,Eastern_Sierra,1,1,239,364,0,Censored,Censored
Eastern_Sierra102,Eastern_Sierra,1,1,0,44,1,ISA,PREDATION
Eastern_Sierra103,Eastern_Sierra,1,1,31,91,0,Censored,Censored
Eastern_Sierra104,Eastern_Sierra,1,0,92,171,0,Censored,Censored
Eastern_Sierra105,Eastern_Sierra,0,1,100,365,0,Censored,Censored
Eastern_Sierra105,Eastern_Sierra,0,1,0,364,0,Censored,Censored
Eastern_Sierra105,Eastern_Sierra,0,1,0,364,0,Censored,Censored
Eastern_Sierra105,Eastern_Sierra,0,1,0,63,1,Management,SNBS
Eastern_Sierra106,Eastern_Sierra,0,1,115,365,0,Censored,Censored
Eastern_Sierra106,Eastern_Sierra,0,1,0,184,0,Censored,Censored
Eastern_Sierra108,Eastern_Sierra,0,1,170,365,0,Censored,Censored
Eastern_Sierra108,Eastern_Sierra,0,1,0,99,1,Unknown,UNKNOWN
Eastern_Sierra109,Eastern_Sierra,0,1,184,365,0,Censored,Censored
Eastern_Sierra109,Eastern_Sierra,0,1,0,364,0,Censored,Censored
Eastern_Sierra109,Eastern_Sierra,0,1,0,364,0,Censored,Censored
Eastern_Sierra109,Eastern_Sierra,0,1,0,364,0,Censored,Censored
Eastern_Sierra109,Eastern_Sierra,0,1,0,111,0,Censored,Censored
Eastern_Sierra11,Eastern_Sierra,0,1,93,365,0,Censored,Censored
Eastern_Sierra11,Eastern_Sierra,0,1,0,364,0,Censored,Censored
Eastern_Sierra11,Eastern_Sierra,0,1,0,165,0,Censored,Censored
Eastern_Sierra111,Eastern_Sierra,1,1,261,365,0,Censored,Censored
Eastern_Sierra111,Eastern_Sierra,1,1,0,364,0,Censored,Censored
Eastern_Sierra111,Eastern_Sierra,1,1,0,364,0,Censored,Censored
Eastern_Sierra111,Eastern_Sierra,1,1,0,364,0,Censored,Censored
Eastern_Sierra111,Eastern_Sierra,1,1,0,149,1,Vehicle,ROAD-KILL
Eastern_Sierra112,Eastern_Sierra,0,0,34,364,0,Censored,Censored
Eastern_Sierra112,Eastern_Sierra,0,0,0,181,0,Censored,Censored
Eastern_Sierra112,Eastern_Sierra,0,1,182,364,0,Censored,Censored
Eastern_Sierra112,Eastern_Sierra,0,1,0,11,0,Censored,Censored
Eastern_Sierra113,Eastern_Sierra,1,0,34,364,0,Censored,Censored
Eastern_Sierra113,Eastern_Sierra,1,0,0,364,0,Censored,Censored
Eastern_Sierra113,Eastern_Sierra,1,0,0,181,0,Censored,Censored
Eastern_Sierra113,Eastern_Sierra,1,1,182,213,0,Censored,Censored
Eastern_Sierra114,Eastern_Sierra,0,1,42,364,0,Censored,Censored
Eastern_Sierra114,Eastern_Sierra,0,1,0,48,1,Management,SNBS
Eastern_Sierra116,Eastern_Sierra,1,0,83,88,1,Management,SNBS
Eastern_Sierra118,Eastern_Sierra,1,1,119,364,0,Censored,Censored
Eastern_Sierra118,Eastern_Sierra,1,1,0,67,1,Management,SNBS
Eastern_Sierra119,Eastern_Sierra,0,0,311,364,0,Censored,Censored
Eastern_Sierra119,Eastern_Sierra,0,0,0,30,1,Management,DEPREDATION
Eastern_Sierra12,Eastern_Sierra,0,1,99,365,0,Censored,Censored
Eastern_Sierra12,Eastern_Sierra,0,1,0,364,0,Censored,Censored
Eastern_Sierra12,Eastern_Sierra,0,1,0,151,1,Poached,POACHED
Eastern_Sierra120,Eastern_Sierra,0,0,251,364,0,Censored,Censored
Eastern_Sierra120,Eastern_Sierra,0,0,0,213,0,Censored,Censored
Eastern_Sierra121,Eastern_Sierra,0,0,308,355,1,Natural (Non-ISA),STARVED
Eastern_Sierra122,Eastern_Sierra,0,0,291,364,0,Censored,Censored
Eastern_Sierra122,Eastern_Sierra,0,0,0,97,0,Censored,Censored
Eastern_Sierra124,Eastern_Sierra,0,1,69,271,0,Censored,Censored
Eastern_Sierra125,Eastern_Sierra,1,0,92,101,1,Management,SNBS
Eastern_Sierra128,Eastern_Sierra,1,0,115,364,0,Censored,Censored
Eastern_Sierra128,Eastern_Sierra,1,0,0,11,1,Unknown,UNKNOWN
Eastern_Sierra129,Eastern_Sierra,0,1,180,364,0,Censored,Censored
Eastern_Sierra129,Eastern_Sierra,0,1,0,64,1,Management,DEPREDATION
Eastern_Sierra13,Eastern_Sierra,0,1,119,365,0,Censored,Censored
Eastern_Sierra13,Eastern_Sierra,0,1,0,364,0,Censored,Censored
Eastern_Sierra13,Eastern_Sierra,0,1,0,364,0,Censored,Censored
Eastern_Sierra13,Eastern_Sierra,0,1,0,94,1,Vehicle,ROAD-KILL
Eastern_Sierra130,Eastern_Sierra,0,1,193,364,0,Censored,Censored
Eastern_Sierra130,Eastern_Sierra,0,1,0,364,0,Censored,Censored
Eastern_Sierra130,Eastern_Sierra,0,1,0,365,0,Censored,Censored
Eastern_Sierra130,Eastern_Sierra,0,1,0,364,0,Censored,Censored
Eastern_Sierra130,Eastern_Sierra,0,1,0,364,0,Censored,Censored
Eastern_Sierra130,Eastern_Sierra,0,1,0,364,0,Censored,Censored
Eastern_Sierra130,Eastern_Sierra,0,1,0,365,0,Censored,Censored
Eastern_Sierra130,Eastern_Sierra,0,1,0,364,0,Censored,Censored
Eastern_Sierra130,Eastern_Sierra,0,1,0,364,0,Censored,Censored
Eastern_Sierra130,Eastern_Sierra,0,1,0,320,1,Natural (Non-ISA),STARVED
Eastern_Sierra132,Eastern_Sierra,1,1,340,364,0,Censored,Censored
Eastern_Sierra132,Eastern_Sierra,1,1,0,89,1,Unknown,UNKNOWN
Eastern_Sierra133,Eastern_Sierra,0,1,47,364,0,Censored,Censored
Eastern_Sierra133,Eastern_Sierra,0,1,0,365,0,Censored,Censored
Eastern_Sierra133,Eastern_Sierra,0,1,0,364,0,Censored,Censored
Eastern_Sierra133,Eastern_Sierra,0,1,0,364,0,Censored,Censored
Eastern_Sierra133,Eastern_Sierra,0,1,0,364,0,Censored,Censored
Eastern_Sierra133,Eastern_Sierra,0,1,0,365,0,Censored,Censored
Eastern_Sierra133,Eastern_Sierra,0,1,0,364,0,Censored,Censored
Eastern_Sierra133,Eastern_Sierra,0,1,0,364,0,Censored,Censored
Eastern_Sierra133,Eastern_Sierra,0,1,0,364,0,Censored,Censored
Eastern_Sierra133,Eastern_Sierra,0,1,0,69,0,Censored,Censored
Eastern_Sierra134,Eastern_Sierra,1,0,65,181,0,Censored,Censored
Eastern_Sierra138,Eastern_Sierra,1,0,173,364,0,Censored,Censored
Eastern_Sierra138,Eastern_Sierra,1,0,0,171,0,Censored,Censored
Eastern_Sierra14,Eastern_Sierra,0,1,233,365,0,Censored,Censored
Eastern_Sierra14,Eastern_Sierra,0,1,0,364,0,Censored,Censored
Eastern_Sierra14,Eastern_Sierra,0,1,0,364,0,Censored,Censored
Eastern_Sierra14,Eastern_Sierra,0,1,0,82,0,Censored,Censored
Eastern_Sierra140,Eastern_Sierra,1,0,83,342,1,Vehicle,ROAD-KILL
Eastern_Sierra141,Eastern_Sierra,0,1,83,364,0,Censored,Censored
Eastern_Sierra141,Eastern_Sierra,0,1,0,163,0,Censored,Censored
Eastern_Sierra143,Eastern_Sierra,0,1,204,365,0,Censored,Censored
Eastern_Sierra143,Eastern_Sierra,0,1,0,95,1,Management,SNBS
Eastern_Sierra144,Eastern_Sierra,1,1,285,364,0,Censored,Censored
Eastern_Sierra144,Eastern_Sierra,1,1,0,364,0,Censored,Censored
Eastern_Sierra144,Eastern_Sierra,1,1,0,27,1,ISA,PREDATION
Eastern_Sierra145,Eastern_Sierra,1,1,299,364,0,Censored,Censored
Eastern_Sierra145,Eastern_Sierra,1,1,0,120,1,ISA,PREDATION
Eastern_Sierra146,Eastern_Sierra,0,0,32,181,0,Censored,Censored
Eastern_Sierra146,Eastern_Sierra,0,1,182,260,1,Vehicle,ROAD-KILL
Eastern_Sierra147,Eastern_Sierra,1,1,63,364,0,Censored,Censored
Eastern_Sierra147,Eastern_Sierra,1,1,0,364,0,Censored,Censored
Eastern_Sierra147,Eastern_Sierra,1,1,0,146,0,Censored,Censored
Eastern_Sierra148,Eastern_Sierra,1,1,87,364,0,Censored,Censored
Eastern_Sierra148,Eastern_Sierra,1,1,0,45,0,Censored,Censored
Eastern_Sierra149,Eastern_Sierra,1,1,101,112,0,Censored,Censored
Eastern_Sierra15,Eastern_Sierra,0,1,264,365,0,Censored,Censored
Eastern_Sierra15,Eastern_Sierra,0,1,0,180,1,Natural (Non-ISA),"NATURAL"
Eastern_Sierra154,Eastern_Sierra,1,0,251,364,0,Censored,Censored
Eastern_Sierra154,Eastern_Sierra,1,0,0,364,0,Censored,Censored
Eastern_Sierra154,Eastern_Sierra,1,0,0,147,0,Censored,Censored
Eastern_Sierra155,Eastern_Sierra,0,0,274,364,0,Censored,Censored
Eastern_Sierra155,Eastern_Sierra,0,0,0,181,0,Censored,Censored
Eastern_Sierra155,Eastern_Sierra,0,1,182,327,0,Censored,Censored
Eastern_Sierra156,Eastern_Sierra,1,0,302,325,0,Censored,Censored
Eastern_Sierra157,Eastern_Sierra,0,1,302,364,0,Censored,Censored
Eastern_Sierra157,Eastern_Sierra,0,1,0,364,0,Censored,Censored
Eastern_Sierra157,Eastern_Sierra,0,1,0,147,0,Censored,Censored
Eastern_Sierra158,Eastern_Sierra,0,1,314,364,0,Censored,Censored
Eastern_Sierra158,Eastern_Sierra,0,1,0,364,0,Censored,Censored
Eastern_Sierra158,Eastern_Sierra,0,1,0,147,0,Censored,Censored
Eastern_Sierra159,Eastern_Sierra,0,1,318,364,0,Censored,Censored
Eastern_Sierra159,Eastern_Sierra,0,1,0,364,0,Censored,Censored
Eastern_Sierra159,Eastern_Sierra,0,1,0,147,0,Censored,Censored
Eastern_Sierra16,Eastern_Sierra,0,1,339,365,0,Censored,Censored
Eastern_Sierra16,Eastern_Sierra,0,1,0,185,1,Management,DEPREDATION
Eastern_Sierra164,Eastern_Sierra,0,1,91,364,0,Censored,Censored
Eastern_Sierra165,Eastern_Sierra,1,0,103,364,0,Censored,Censored
Eastern_Sierra165,Eastern_Sierra,1,0,0,144,0,Censored,Censored
Eastern_Sierra166,Eastern_Sierra,1,0,143,364,0,Censored,Censored
Eastern_Sierra166,Eastern_Sierra,1,0,0,146,0,Censored,Censored
Eastern_Sierra167,Eastern_Sierra,0,1,153,364,0,Censored,Censored
Eastern_Sierra167,Eastern_Sierra,0,1,0,141,0,Censored,Censored
Eastern_Sierra168,Eastern_Sierra,0,1,154,364,0,Censored,Censored
Eastern_Sierra168,Eastern_Sierra,0,1,0,147,0,Censored,Censored
Eastern_Sierra169,Eastern_Sierra,1,0,174,271,1,Vehicle,ROAD-KILL
Eastern_Sierra17,Eastern_Sierra,1,1,353,365,0,Censored,Censored
Eastern_Sierra17,Eastern_Sierra,1,1,0,90,1,ISA,PREDATION
Eastern_Sierra172,Eastern_Sierra,0,1,8,147,0,Censored,Censored
Eastern_Sierra173,Eastern_Sierra,0,0,23,146,0,Censored,Censored
Eastern_Sierra174,Eastern_Sierra,1,0,28,147,0,Censored,Censored
Eastern_Sierra175,Eastern_Sierra,0,0,28,145,0,Censored,Censored
Eastern_Sierra176,Eastern_Sierra,1,1,71,146,0,Censored,Censored
Eastern_Sierra178,Eastern_Sierra,0,1,102,147,0,Censored,Censored
Eastern_Sierra179,Eastern_Sierra,1,1,119,147,0,Censored,Censored
Eastern_Sierra18,Eastern_Sierra,1,0,364,365,0,Censored,Censored
Eastern_Sierra18,Eastern_Sierra,1,0,0,364,0,Censored,Censored
Eastern_Sierra18,Eastern_Sierra,1,0,0,364,0,Censored,Censored
Eastern_Sierra18,Eastern_Sierra,1,0,0,205,0,Censored,Censored
Eastern_Sierra18,Eastern_Sierra,1,1,206,246,1,Vehicle,ROAD-KILL
Eastern_Sierra180,Eastern_Sierra,0,1,123,147,0,Censored,Censored
Eastern_Sierra181,Eastern_Sierra,1,1,127,147,0,Censored,Censored
Eastern_Sierra19,Eastern_Sierra,0,0,1,153,0,Censored,Censored
Eastern_Sierra23,Eastern_Sierra,0,1,53,364,0,Censored,Censored
Eastern_Sierra23,Eastern_Sierra,0,1,0,138,1,Management,DEPREDATION
Eastern_Sierra24,Eastern_Sierra,1,1,113,364,0,Censored,Censored
Eastern_Sierra24,Eastern_Sierra,1,1,0,364,0,Censored,Censored
Eastern_Sierra24,Eastern_Sierra,1,1,0,364,0,Censored,Censored
Eastern_Sierra24,Eastern_Sierra,1,1,0,365,0,Censored,Censored
Eastern_Sierra24,Eastern_Sierra,1,1,0,364,0,Censored,Censored
Eastern_Sierra24,Eastern_Sierra,1,1,0,364,0,Censored,Censored
Eastern_Sierra24,Eastern_Sierra,1,1,0,364,0,Censored,Censored
Eastern_Sierra24,Eastern_Sierra,1,1,0,63,1,Management,SNBS
Eastern_Sierra25,Eastern_Sierra,1,0,32,138,1,Management,DEPREDATION
Eastern_Sierra26,Eastern_Sierra,0,1,50,364,0,Censored,Censored
Eastern_Sierra26,Eastern_Sierra,0,1,0,364,0,Censored,Censored
Eastern_Sierra26,Eastern_Sierra,0,1,0,187,1,Natural (Non-ISA),"NATURAL"
Eastern_Sierra27,Eastern_Sierra,0,1,121,364,0,Censored,Censored
Eastern_Sierra27,Eastern_Sierra,0,1,0,364,0,Censored,Censored
Eastern_Sierra27,Eastern_Sierra,0,1,0,365,0,Censored,Censored
Eastern_Sierra27,Eastern_Sierra,0,1,0,364,0,Censored,Censored
Eastern_Sierra27,Eastern_Sierra,0,1,0,364,0,Censored,Censored
Eastern_Sierra27,Eastern_Sierra,0,1,0,364,0,Censored,Censored
Eastern_Sierra27,Eastern_Sierra,0,1,0,365,0,Censored,Censored
Eastern_Sierra27,Eastern_Sierra,0,1,0,364,0,Censored,Censored
Eastern_Sierra27,Eastern_Sierra,0,1,0,364,0,Censored,Censored
Eastern_Sierra27,Eastern_Sierra,0,1,0,364,0,Censored,Censored
Eastern_Sierra27,Eastern_Sierra,0,1,0,365,0,Censored,Censored
Eastern_Sierra27,Eastern_Sierra,0,1,0,364,0,Censored,Censored
Eastern_Sierra27,Eastern_Sierra,0,1,0,364,0,Censored,Censored
Eastern_Sierra27,Eastern_Sierra,0,1,0,364,0,Censored,Censored
Eastern_Sierra27,Eastern_Sierra,0,1,0,268,1,Management,DEPREDATION
Eastern_Sierra28,Eastern_Sierra,1,0,103,123,1,Natural (Non-ISA),STARVED
Eastern_Sierra29,Eastern_Sierra,0,0,65,123,1,Natural (Non-ISA),STARVED
Eastern_Sierra3,Eastern_Sierra,1,1,7,125,1,Natural (Non-ISA),"NATURAL"
Eastern_Sierra34,Eastern_Sierra,1,1,19,151,1,Unknown,UNKNOWN
Eastern_Sierra35,Eastern_Sierra,1,1,117,364,0,Censored,Censored
Eastern_Sierra35,Eastern_Sierra,1,1,0,365,0,Censored,Censored
Eastern_Sierra35,Eastern_Sierra,1,1,0,161,1,Poached,POACHED
Eastern_Sierra38,Eastern_Sierra,1,0,97,184,1,Natural (Non-ISA),STARVED
Eastern_Sierra39,Eastern_Sierra,1,1,246,364,0,Censored,Censored
Eastern_Sierra39,Eastern_Sierra,1,1,0,365,0,Censored,Censored
Eastern_Sierra39,Eastern_Sierra,1,1,0,364,0,Censored,Censored
Eastern_Sierra39,Eastern_Sierra,1,1,0,364,0,Censored,Censored
Eastern_Sierra39,Eastern_Sierra,1,1,0,364,0,Censored,Censored
Eastern_Sierra39,Eastern_Sierra,1,1,0,365,0,Censored,Censored
Eastern_Sierra39,Eastern_Sierra,1,1,0,364,0,Censored,Censored
Eastern_Sierra39,Eastern_Sierra,1,1,0,135,0,Censored,Censored
Eastern_Sierra4,Eastern_Sierra,1,1,54,232,0,Censored,Censored
Eastern_Sierra40,Eastern_Sierra,1,0,8,53,0,Censored,Censored
Eastern_Sierra41,Eastern_Sierra,0,0,150,365,0,Censored,Censored
Eastern_Sierra41,Eastern_Sierra,0,0,0,272,0,Censored,Censored
Eastern_Sierra41,Eastern_Sierra,0,1,273,364,0,Censored,Censored
Eastern_Sierra41,Eastern_Sierra,0,1,0,364,0,Censored,Censored
Eastern_Sierra41,Eastern_Sierra,0,1,0,56,1,ISA,PREDATION
Eastern_Sierra42,Eastern_Sierra,1,0,150,365,0,Censored,Censored
Eastern_Sierra42,Eastern_Sierra,1,0,0,364,0,Censored,Censored
Eastern_Sierra42,Eastern_Sierra,1,0,0,272,0,Censored,Censored
Eastern_Sierra42,Eastern_Sierra,1,1,273,364,0,Censored,Censored
Eastern_Sierra42,Eastern_Sierra,1,1,0,157,0,Censored,Censored
Eastern_Sierra43,Eastern_Sierra,0,1,16,27,0,Censored,Censored
Eastern_Sierra44,Eastern_Sierra,1,1,116,364,0,Censored,Censored
Eastern_Sierra44,Eastern_Sierra,1,1,0,365,0,Censored,Censored
Eastern_Sierra44,Eastern_Sierra,1,1,0,364,0,Censored,Censored
Eastern_Sierra44,Eastern_Sierra,1,1,0,364,0,Censored,Censored
Eastern_Sierra44,Eastern_Sierra,1,1,0,239,1,Management,SNBS
Eastern_Sierra45,Eastern_Sierra,0,1,295,364,0,Censored,Censored
Eastern_Sierra45,Eastern_Sierra,0,1,0,144,0,Censored,Censored
Eastern_Sierra46,Eastern_Sierra,1,1,164,365,0,Censored,Censored
Eastern_Sierra46,Eastern_Sierra,1,1,0,364,0,Censored,Censored
Eastern_Sierra46,Eastern_Sierra,1,1,0,364,0,Censored,Censored
Eastern_Sierra46,Eastern_Sierra,1,1,0,364,0,Censored,Censored
Eastern_Sierra46,Eastern_Sierra,1,1,0,365,0,Censored,Censored
Eastern_Sierra46,Eastern_Sierra,1,1,0,25,1,Management,SNBS
Eastern_Sierra47,Eastern_Sierra,1,1,178,365,0,Censored,Censored
Eastern_Sierra47,Eastern_Sierra,1,1,0,304,0,Censored,Censored
Eastern_Sierra48,Eastern_Sierra,1,1,194,332,0,Censored,Censored
Eastern_Sierra49,Eastern_Sierra,0,1,293,365,0,Censored,Censored
Eastern_Sierra49,Eastern_Sierra,0,1,0,323,0,Censored,Censored
Eastern_Sierra5,Eastern_Sierra,0,1,59,365,0,Censored,Censored
Eastern_Sierra5,Eastern_Sierra,0,1,0,364,0,Censored,Censored
Eastern_Sierra5,Eastern_Sierra,0,1,0,364,0,Censored,Censored
Eastern_Sierra5,Eastern_Sierra,0,1,0,364,0,Censored,Censored
Eastern_Sierra5,Eastern_Sierra,0,1,0,365,0,Censored,Censored
Eastern_Sierra5,Eastern_Sierra,0,1,0,364,0,Censored,Censored
Eastern_Sierra5,Eastern_Sierra,0,1,0,228,0,Censored,Censored
Eastern_Sierra50,Eastern_Sierra,0,1,297,315,0,Censored,Censored
Eastern_Sierra51,Eastern_Sierra,1,1,300,365,0,Censored,Censored
Eastern_Sierra51,Eastern_Sierra,1,1,0,197,0,Censored,Censored
Eastern_Sierra52,Eastern_Sierra,1,0,130,353,1,Unknown,UNKNOWN
Eastern_Sierra53,Eastern_Sierra,0,1,78,364,0,Censored,Censored
Eastern_Sierra53,Eastern_Sierra,0,1,0,364,0,Censored,Censored
Eastern_Sierra53,Eastern_Sierra,0,1,0,364,0,Censored,Censored
Eastern_Sierra53,Eastern_Sierra,0,1,0,40,1,Management,DEPREDATION
Eastern_Sierra55,Eastern_Sierra,1,0,350,364,0,Censored,Censored
Eastern_Sierra55,Eastern_Sierra,1,0,0,338,0,Censored,Censored
Eastern_Sierra57,Eastern_Sierra,0,0,197,288,1,ISA,PREDATION
Eastern_Sierra58,Eastern_Sierra,1,0,198,364,0,Censored,Censored
Eastern_Sierra58,Eastern_Sierra,1,0,0,338,0,Censored,Censored
Eastern_Sierra59,Eastern_Sierra,0,1,243,364,0,Censored,Censored
Eastern_Sierra59,Eastern_Sierra,0,1,0,364,0,Censored,Censored
Eastern_Sierra59,Eastern_Sierra,0,1,0,364,0,Censored,Censored
Eastern_Sierra59,Eastern_Sierra,0,1,0,365,0,Censored,Censored
Eastern_Sierra59,Eastern_Sierra,0,1,0,364,0,Censored,Censored
Eastern_Sierra59,Eastern_Sierra,0,1,0,364,0,Censored,Censored
Eastern_Sierra59,Eastern_Sierra,0,1,0,364,0,Censored,Censored
Eastern_Sierra59,Eastern_Sierra,0,1,0,338,0,Censored,Censored
Eastern_Sierra6,Eastern_Sierra,1,1,62,182,1,Natural (Non-ISA),"NATURAL"
Eastern_Sierra61,Eastern_Sierra,1,0,2,364,0,Censored,Censored
Eastern_Sierra61,Eastern_Sierra,1,0,0,29,1,Unknown,UNKNOWN
Eastern_Sierra63,Eastern_Sierra,0,1,161,364,0,Censored,Censored
Eastern_Sierra63,Eastern_Sierra,0,1,0,364,0,Censored,Censored
Eastern_Sierra63,Eastern_Sierra,0,1,0,365,0,Censored,Censored
Eastern_Sierra63,Eastern_Sierra,0,1,0,364,0,Censored,Censored
Eastern_Sierra63,Eastern_Sierra,0,1,0,364,0,Censored,Censored
Eastern_Sierra63,Eastern_Sierra,0,1,0,364,0,Censored,Censored
Eastern_Sierra63,Eastern_Sierra,0,1,0,365,0,Censored,Censored
Eastern_Sierra63,Eastern_Sierra,0,1,0,364,0,Censored,Censored
Eastern_Sierra63,Eastern_Sierra,0,1,0,364,0,Censored,Censored
Eastern_Sierra63,Eastern_Sierra,0,1,0,297,0,Censored,Censored
Eastern_Sierra64,Eastern_Sierra,1,1,162,364,0,Censored,Censored
Eastern_Sierra64,Eastern_Sierra,1,1,0,364,0,Censored,Censored
Eastern_Sierra64,Eastern_Sierra,1,1,0,68,1,Management,PUBLIC SAFETY
Eastern_Sierra66,Eastern_Sierra,1,1,296,364,0,Censored,Censored
Eastern_Sierra66,Eastern_Sierra,1,1,0,364,0,Censored,Censored
Eastern_Sierra66,Eastern_Sierra,1,1,0,90,1,Management,SNBS
Eastern_Sierra67,Eastern_Sierra,0,0,360,364,0,Censored,Censored
Eastern_Sierra67,Eastern_Sierra,0,0,0,82,0,Censored,Censored
Eastern_Sierra68,Eastern_Sierra,1,0,12,364,0,Censored,Censored
Eastern_Sierra68,Eastern_Sierra,1,0,0,41,0,Censored,Censored
Eastern_Sierra69,Eastern_Sierra,0,1,51,364,0,Censored,Censored
Eastern_Sierra69,Eastern_Sierra,0,1,0,365,0,Censored,Censored
Eastern_Sierra69,Eastern_Sierra,0,1,0,364,0,Censored,Censored
Eastern_Sierra69,Eastern_Sierra,0,1,0,270,0,Censored,Censored
Eastern_Sierra7,Eastern_Sierra,1,1,66,99,1,Natural (Non-ISA),"NATURAL"
Eastern_Sierra70,Eastern_Sierra,0,1,112,364,0,Censored,Censored
Eastern_Sierra70,Eastern_Sierra,0,1,0,365,0,Censored,Censored
Eastern_Sierra70,Eastern_Sierra,0,1,0,17,0,Censored,Censored
Eastern_Sierra71,Eastern_Sierra,1,0,171,364,0,Censored,Censored
Eastern_Sierra71,Eastern_Sierra,1,0,0,365,0,Censored,Censored
Eastern_Sierra71,Eastern_Sierra,1,0,0,364,0,Censored,Censored
Eastern_Sierra71,Eastern_Sierra,1,0,0,20,0,Censored,Censored
Eastern_Sierra71,Eastern_Sierra,1,1,21,364,0,Censored,Censored
Eastern_Sierra71,Eastern_Sierra,1,1,0,364,0,Censored,Censored
Eastern_Sierra71,Eastern_Sierra,1,1,0,288,0,Censored,Censored
Eastern_Sierra72,Eastern_Sierra,0,1,173,364,0,Censored,Censored
Eastern_Sierra72,Eastern_Sierra,0,1,0,365,0,Censored,Censored
Eastern_Sierra72,Eastern_Sierra,0,1,0,364,0,Censored,Censored
Eastern_Sierra72,Eastern_Sierra,0,1,0,163,1,Natural (Non-ISA),"NATURAL"
Eastern_Sierra75,Eastern_Sierra,0,0,313,364,0,Censored,Censored
Eastern_Sierra75,Eastern_Sierra,0,0,0,182,0,Censored,Censored
Eastern_Sierra75,Eastern_Sierra,0,1,183,365,0,Censored,Censored
Eastern_Sierra75,Eastern_Sierra,0,1,0,326,1,Unknown,UNKNOWN
Eastern_Sierra79,Eastern_Sierra,0,0,337,364,0,Censored,Censored
Eastern_Sierra79,Eastern_Sierra,0,0,0,365,0,Censored,Censored
Eastern_Sierra79,Eastern_Sierra,0,0,0,62,0,Censored,Censored
Eastern_Sierra79,Eastern_Sierra,0,1,63,364,0,Censored,Censored
Eastern_Sierra79,Eastern_Sierra,0,1,0,364,0,Censored,Censored
Eastern_Sierra79,Eastern_Sierra,0,1,0,364,0,Censored,Censored
Eastern_Sierra79,Eastern_Sierra,0,1,0,365,0,Censored,Censored
Eastern_Sierra79,Eastern_Sierra,0,1,0,364,0,Censored,Censored
Eastern_Sierra79,Eastern_Sierra,0,1,0,364,0,Censored,Censored
Eastern_Sierra79,Eastern_Sierra,0,1,0,73,1,Management,SNBS
Eastern_Sierra8,Eastern_Sierra,0,0,79,114,1,ISA,PREDATION
Eastern_Sierra80,Eastern_Sierra,1,1,14,365,0,Censored,Censored
Eastern_Sierra80,Eastern_Sierra,1,1,0,364,0,Censored,Censored
Eastern_Sierra80,Eastern_Sierra,1,1,0,85,0,Censored,Censored
Eastern_Sierra81,Eastern_Sierra,1,1,59,70,0,Censored,Censored
Eastern_Sierra82,Eastern_Sierra,1,1,109,365,0,Censored,Censored
Eastern_Sierra82,Eastern_Sierra,1,1,0,94,0,Censored,Censored
Eastern_Sierra83,Eastern_Sierra,1,0,163,252,0,Censored,Censored
Eastern_Sierra84,Eastern_Sierra,0,1,279,365,0,Censored,Censored
Eastern_Sierra84,Eastern_Sierra,0,1,0,364,0,Censored,Censored
Eastern_Sierra84,Eastern_Sierra,0,1,0,176,1,Unknown,UNKNOWN
Eastern_Sierra85,Eastern_Sierra,1,1,323,365,0,Censored,Censored
Eastern_Sierra85,Eastern_Sierra,1,1,0,364,0,Censored,Censored
Eastern_Sierra85,Eastern_Sierra,1,1,0,12,1,Vehicle,ROAD-KILL
Eastern_Sierra86,Eastern_Sierra,1,1,100,364,0,Censored,Censored
Eastern_Sierra86,Eastern_Sierra,1,1,0,364,0,Censored,Censored
Eastern_Sierra86,Eastern_Sierra,1,1,0,364,0,Censored,Censored
Eastern_Sierra86,Eastern_Sierra,1,1,0,266,1,Unknown,UNKNOWN
Eastern_Sierra87,Eastern_Sierra,1,1,206,364,0,Censored,Censored
Eastern_Sierra87,Eastern_Sierra,1,1,0,364,0,Censored,Censored
Eastern_Sierra87,Eastern_Sierra,1,1,0,364,0,Censored,Censored
Eastern_Sierra87,Eastern_Sierra,1,1,0,365,0,Censored,Censored
Eastern_Sierra87,Eastern_Sierra,1,1,0,29,1,ISA,PREDATION
Eastern_Sierra88,Eastern_Sierra,1,1,262,274,0,Censored,Censored
Eastern_Sierra89,Eastern_Sierra,1,0,332,364,0,Censored,Censored
Eastern_Sierra89,Eastern_Sierra,1,0,0,364,0,Censored,Censored
Eastern_Sierra89,Eastern_Sierra,1,0,0,50,0,Censored,Censored
Eastern_Sierra90,Eastern_Sierra,1,0,33,70,1,ISA,PREDATION
Eastern_Sierra91,Eastern_Sierra,1,0,51,364,0,Censored,Censored
Eastern_Sierra91,Eastern_Sierra,1,0,0,115,0,Censored,Censored
Eastern_Sierra93,Eastern_Sierra,0,1,117,364,0,Censored,Censored
Eastern_Sierra93,Eastern_Sierra,0,1,0,364,0,Censored,Censored
Eastern_Sierra93,Eastern_Sierra,0,1,0,365,0,Censored,Censored
Eastern_Sierra93,Eastern_Sierra,0,1,0,278,1,Management,SNBS
Eastern_Sierra94,Eastern_Sierra,0,1,138,364,0,Censored,Censored
Eastern_Sierra94,Eastern_Sierra,0,1,0,91,1,Management,SNBS
Eastern_Sierra95,Eastern_Sierra,1,1,38,364,0,Censored,Censored
Eastern_Sierra95,Eastern_Sierra,1,1,0,94,1,Management,SNBS
Eastern_Sierra96,Eastern_Sierra,0,0,44,181,0,Censored,Censored
Eastern_Sierra96,Eastern_Sierra,0,1,182,364,0,Censored,Censored
Eastern_Sierra96,Eastern_Sierra,0,1,0,365,0,Censored,Censored
Eastern_Sierra96,Eastern_Sierra,0,1,0,119,1,Unknown,UNKNOWN
Eastern_Sierra97,Eastern_Sierra,1,1,169,364,0,Censored,Censored
Eastern_Sierra97,Eastern_Sierra,1,1,0,365,0,Censored,Censored
Eastern_Sierra97,Eastern_Sierra,1,1,0,364,0,Censored,Censored
Eastern_Sierra97,Eastern_Sierra,1,1,0,174,0,Censored,Censored
Eastern_Sierra98,Eastern_Sierra,0,1,197,234,0,Censored,Censored
HoopaHF01,Hoopa,0,1,184,364,0,Censored,Censored
HoopaHF01,Hoopa,0,1,0,122,0,Censored,Censored
HoopaHF02,Hoopa,0,0,212,358,1,Poached,GUNSHOT
HoopaHF03,Hoopa,0,1,252,364,0,Censored,Censored
HoopaHF03,Hoopa,0,1,0,177,0,Censored,Censored
HoopaHF04,Hoopa,0,1,220,364,0,Censored,Censored
HoopaHF04,Hoopa,0,1,0,132,0,Censored,Censored
HoopaHF05,Hoopa,0,1,287,364,0,Censored,Censored
HoopaHF05,Hoopa,0,1,0,132,0,Censored,Censored
HoopaHM01,Hoopa,1,1,45,364,0,Censored,Censored
HoopaHM01,Hoopa,1,1,0,364,0,Censored,Censored
HoopaHM01,Hoopa,1,1,0,194,0,Censored,Censored
HoopaHM02,Hoopa,1,1,187,364,0,Censored,Censored
HoopaHM02,Hoopa,1,1,0,71,1,Management,DEPREDATION
HoopaHM04,Hoopa,1,0,268,364,0,Censored,Censored
HoopaHM04,Hoopa,1,0,0,304,0,Censored,Censored
HoopaHM04,Hoopa,1,1,305,348,0,Censored,Censored
HoopaHM05,Hoopa,1,1,206,274,0,Censored,Censored
Hunter_Liggett10,Hunter_Liggett,1,1,39,171,0,Censored,Censored
Hunter_Liggett11,Hunter_Liggett,1,1,54,364,0,Censored,Censored
Hunter_Liggett11,Hunter_Liggett,1,1,0,154,0,Censored,Censored
Hunter_Liggett12,Hunter_Liggett,0,1,81,226,0,Censored,Censored
Hunter_Liggett13,Hunter_Liggett,1,1,82,364,0,Censored,Censored
Hunter_Liggett13,Hunter_Liggett,1,1,0,318,0,Censored,Censored
Hunter_Liggett15,Hunter_Liggett,1,1,138,199,0,Censored,Censored
Hunter_Liggett16,Hunter_Liggett,1,0,140,245,0,Censored,Censored
Hunter_Liggett17,Hunter_Liggett,0,1,203,287,0,Censored,Censored
Hunter_Liggett18,Hunter_Liggett,0,1,228,364,0,Censored,Censored
Hunter_Liggett18,Hunter_Liggett,0,1,0,313,0,Censored,Censored
Hunter_Liggett19,Hunter_Liggett,0,1,87,323,0,Censored,Censored
Hunter_Liggett20,Hunter_Liggett,1,1,92,318,0,Censored,Censored
Hunter_Liggett21,Hunter_Liggett,1,1,123,318,0,Censored,Censored
Hunter_Liggett24,Hunter_Liggett,1,1,213,318,0,Censored,Censored
Hunter_Liggett25,Hunter_Liggett,0,1,244,268,0,Censored,Censored
MendocinoF1,Mendocino,0,1,174,364,0,Censored,Censored
MendocinoF1,Mendocino,0,1,0,283,1,Natural (Non-ISA),"NATURAL"
MendocinoF17,Mendocino,0,0,217,364,0,Censored,Censored
MendocinoF17,Mendocino,0,0,0,91,0,Censored,Censored
MendocinoF17,Mendocino,0,1,92,180,1,Natural (Non-ISA),"NATURAL"
MendocinoF19,Mendocino,0,1,219,364,0,Censored,Censored
MendocinoF19,Mendocino,0,1,0,365,0,Censored,Censored
MendocinoF23,Mendocino,0,1,160,346,0,Censored,Censored
MendocinoF43,Mendocino,0,1,110,365,0,Censored,Censored
MendocinoM33,Mendocino,1,1,228,364,0,Censored,Censored
MendocinoM33,Mendocino,1,1,0,305,0,Censored,Censored
MendocinoM36,Mendocino,1,0,110,193,1,ISA,MTN LION
ModocF158,Modoc,0,0,57,364,0,Censored,Censored
ModocF158,Modoc,0,0,0,31,0,Censored,Censored
ModocF158,Modoc,0,1,32,260,1,Management,DEPREDATION
ModocF159,Modoc,0,1,157,364,0,Censored,Censored
ModocF159,Modoc,0,1,0,27,1,Natural (Non-ISA),UNK/STARVATION
ModocF163,Modoc,0,0,26,304,0,Censored,Censored
ModocF163,Modoc,0,1,305,364,0,Censored,Censored
ModocF163,Modoc,0,1,0,364,0,Censored,Censored
ModocF163,Modoc,0,1,0,42,0,Censored,Censored
ModocF164,Modoc,0,1,43,364,0,Censored,Censored
ModocF164,Modoc,0,1,0,364,0,Censored,Censored
ModocF164,Modoc,0,1,0,298,0,Censored,Censored
ModocF167,Modoc,0,1,190,205,0,Censored,Censored
ModocF180,Modoc,0,1,24,364,0,Censored,Censored
ModocF180,Modoc,0,1,0,111,0,Censored,Censored
ModocF182,Modoc,0,1,32,118,0,Censored,Censored
ModocF199,Modoc,0,1,353,364,0,Censored,Censored
ModocF199,Modoc,0,1,0,70,0,Censored,Censored
ModocF201,Modoc,0,1,3,364,0,Censored,Censored
ModocF201,Modoc,0,1,0,292,1,Natural (Non-ISA),DISEASE
ModocF203,Modoc,0,1,24,364,0,Censored,Censored
ModocF203,Modoc,0,1,0,204,0,Censored,Censored
ModocF204,Modoc,0,0,54,334,0,Censored,Censored
ModocF204,Modoc,0,1,335,364,0,Censored,Censored
ModocF204,Modoc,0,1,0,204,0,Censored,Censored
ModocF206,Modoc,0,0,86,264,0,Censored,Censored
ModocM157,Modoc,1,1,50,364,0,Censored,Censored
ModocM157,Modoc,1,1,0,87,1,Management,DEPREDATION
ModocM160,Modoc,1,1,39,257,1,Management,DEPREDATION
ModocM161,Modoc,1,1,57,365,0,Censored,Censored
ModocM161,Modoc,1,1,0,124,0,Censored,Censored
ModocM166,Modoc,1,1,159,364,0,Censored,Censored
ModocM166,Modoc,1,1,0,364,0,Censored,Censored
ModocM166,Modoc,1,1,0,364,0,Censored,Censored
ModocM166,Modoc,1,1,0,204,0,Censored,Censored
ModocM168,Modoc,1,0,333,364,0,Censored,Censored
ModocM168,Modoc,1,0,0,354,0,Censored,Censored
ModocM169,Modoc,1,0,334,364,0,Censored,Censored
ModocM169,Modoc,1,0,0,364,0,Censored,Censored
ModocM169,Modoc,1,0,0,16,0,Censored,Censored
ModocM176,Modoc,1,0,346,364,0,Censored,Censored
ModocM176,Modoc,1,0,0,90,1,Natural (Non-ISA),DISEASE
ModocM177,Modoc,1,0,355,364,0,Censored,Censored
ModocM177,Modoc,1,0,0,72,1,ISA,KILLED BY ANOTHER LION
ModocM178,Modoc,1,1,15,166,0,Censored,Censored
ModocM179,Modoc,1,1,16,364,0,Censored,Censored
ModocM179,Modoc,1,1,0,237,1,Vehicle,POSS. HIT BY CAR
ModocM181,Modoc,1,1,25,364,0,Censored,Censored
ModocM181,Modoc,1,1,0,133,1,ISA,KILLED BY ANOTHER LION
ModocM184,Modoc,1,1,54,364,0,Censored,Censored
ModocM184,Modoc,1,1,0,31,1,Management,DEPREDATION
ModocM197,Modoc,1,1,93,364,0,Censored,Censored
ModocM197,Modoc,1,1,0,93,0,Censored,Censored
ModocM198,Modoc,1,0,186,364,0,Censored,Censored
ModocM198,Modoc,1,0,0,121,0,Censored,Censored
ModocM200,Modoc,1,0,0,364,0,Censored,Censored
ModocM200,Modoc,1,0,0,204,0,Censored,Censored
ModocM202,Modoc,1,0,24,146,1,Management,DEPREDATION
ModocM205,Modoc,1,1,83,183,0,Censored,Censored
Mono176,Mono,0,1,304,364,0,Censored,Censored
Mono176,Mono,0,1,0,364,0,Censored,Censored
Mono176,Mono,0,1,0,147,0,Censored,Censored
Mono230,Mono,0,1,153,365,0,Censored,Censored
Mono230,Mono,0,1,0,364,0,Censored,Censored
Mono230,Mono,0,1,0,153,0,Censored,Censored
Mono235,Mono,0,1,150,176,0,Censored,Censored
Mono288,Mono,0,0,182,365,0,Censored,Censored
Mono288,Mono,0,0,0,90,0,Censored,Censored
Mono288,Mono,0,1,91,190,0,Censored,Censored
Mono323,Mono,1,1,131,364,0,Censored,Censored
Mono323,Mono,1,1,0,364,0,Censored,Censored
Mono323,Mono,1,1,0,149,0,Censored,Censored
Mono380,Mono,0,1,150,365,0,Censored,Censored
Mono380,Mono,0,1,0,271,0,Censored,Censored
Mono430,Mono,1,1,271,364,0,Censored,Censored
Mono430,Mono,1,1,0,147,1,Unknown,UNKNOWN
Mono540,Mono,1,1,315,365,0,Censored,Censored
Mono540,Mono,1,1,0,364,0,Censored,Censored
Mono540,Mono,1,1,0,280,0,Censored,Censored
Mt_DiabloF1,Mt_Diablo,0,1,212,365,0,Censored,Censored
Mt_DiabloF1,Mt_Diablo,0,1,0,364,0,Censored,Censored
Mt_DiabloF1,Mt_Diablo,0,1,0,364,0,Censored,Censored
Mt_DiabloF1,Mt_Diablo,0,1,0,364,0,Censored,Censored
Mt_DiabloF1,Mt_Diablo,0,1,0,365,0,Censored,Censored
Mt_DiabloF1,Mt_Diablo,0,1,0,180,0,Censored,Censored
Mt_DiabloF12,Mt_Diablo,0,1,161,365,0,Censored,Censored
Mt_DiabloF12,Mt_Diablo,0,1,0,183,0,Censored,Censored
Mt_DiabloF14,Mt_Diablo,0,1,299,365,0,Censored,Censored
Mt_DiabloF14,Mt_Diablo,0,1,0,180,0,Censored,Censored
Mt_DiabloF15,Mt_Diablo,0,1,302,308,0,Censored,Censored
Mt_DiabloF2,Mt_Diablo,0,1,258,365,0,Censored,Censored
Mt_DiabloF2,Mt_Diablo,0,1,0,364,0,Censored,Censored
Mt_DiabloF2,Mt_Diablo,0,1,0,364,0,Censored,Censored
Mt_DiabloF2,Mt_Diablo,0,1,0,326,0,Censored,Censored
Mt_DiabloF3,Mt_Diablo,0,1,291,364,0,Censored,Censored
Mt_DiabloF3,Mt_Diablo,0,1,0,364,0,Censored,Censored
Mt_DiabloF3,Mt_Diablo,0,1,0,364,0,Censored,Censored
Mt_DiabloF3,Mt_Diablo,0,1,0,20,1,Unknown,UNKNOWN
Mt_DiabloF4,Mt_Diablo,0,1,359,364,0,Censored,Censored
Mt_DiabloF4,Mt_Diablo,0,1,0,162,0,Censored,Censored
Mt_DiabloF6,Mt_Diablo,0,1,137,364,0,Censored,Censored
Mt_DiabloF6,Mt_Diablo,0,1,0,364,0,Censored,Censored
Mt_DiabloF6,Mt_Diablo,0,1,0,365,0,Censored,Censored
Mt_DiabloF6,Mt_Diablo,0,1,0,180,0,Censored,Censored
Mt_DiabloF7,Mt_Diablo,0,1,150,364,0,Censored,Censored
Mt_DiabloF7,Mt_Diablo,0,1,0,306,0,Censored,Censored
Mt_DiabloF8,Mt_Diablo,0,1,151,364,0,Censored,Censored
Mt_DiabloF8,Mt_Diablo,0,1,0,364,0,Censored,Censored
Mt_DiabloF8,Mt_Diablo,0,1,0,267,1,Unknown,UNKNOWN
Mt_DiabloM1,Mt_Diablo,1,1,70,365,0,Censored,Censored
Mt_DiabloM1,Mt_Diablo,1,1,0,364,0,Censored,Censored
Mt_DiabloM1,Mt_Diablo,1,1,0,364,0,Censored,Censored
Mt_DiabloM1,Mt_Diablo,1,1,0,251,1,Unknown,UNKNOWN
Mt_DiabloM2,Mt_Diablo,1,1,135,365,0,Censored,Censored
Mt_DiabloM2,Mt_Diablo,1,1,0,65,0,Censored,Censored
Mt_DiabloM3,Mt_Diablo,1,0,217,365,0,Censored,Censored
Mt_DiabloM3,Mt_Diablo,1,0,0,364,0,Censored,Censored
Mt_DiabloM3,Mt_Diablo,1,0,0,90,0,Censored,Censored
Mt_DiabloM3,Mt_Diablo,1,1,91,364,0,Censored,Censored
Mt_DiabloM3,Mt_Diablo,1,1,0,238,1,Unknown,UNKNOWN
Mt_DiabloM4,Mt_Diablo,1,0,54,364,0,Censored,Censored
Mt_DiabloM4,Mt_Diablo,1,0,0,273,0,Censored,Censored
Mt_DiabloM4,Mt_Diablo,1,1,274,364,0,Censored,Censored
Mt_DiabloM4,Mt_Diablo,1,1,0,67,1,Unknown,UNKNOWN
Mt_DiabloM5,Mt_Diablo,1,1,351,364,0,Censored,Censored
Mt_DiabloM5,Mt_Diablo,1,1,0,364,0,Censored,Censored
Mt_DiabloM5,Mt_Diablo,1,1,0,344,1,Unknown,UNKNOWN
Mt_DiabloM6,Mt_Diablo,1,1,295,364,0,Censored,Censored
Mt_DiabloM6,Mt_Diablo,1,1,0,365,0,Censored,Censored
Mt_DiabloM6,Mt_Diablo,1,1,0,92,1,Unknown,UNKNOWN
Mt_DiabloM7,Mt_Diablo,1,0,26,365,0,Censored,Censored
Mt_DiabloM7,Mt_Diablo,1,0,0,172,0,Censored,Censored
Mt_DiabloM8,Mt_Diablo,1,1,56,365,0,Censored,Censored
Mt_DiabloM8,Mt_Diablo,1,1,0,180,0,Censored,Censored
Mt_DiabloM9,Mt_Diablo,1,0,291,365,0,Censored,Censored
Mt_DiabloM9,Mt_Diablo,1,0,0,180,0,Censored,Censored
North_KingsF1,North_Kings,0,1,228,364,0,Censored,Censored
North_KingsF1,North_Kings,0,1,0,365,0,Censored,Censored
North_KingsF1,North_Kings,0,1,0,307,1,Poached,POACHING
North_KingsF10,North_Kings,0,0,219,364,0,Censored,Censored
North_KingsF10,North_Kings,0,0,0,90,0,Censored,Censored
North_KingsF10,North_Kings,0,1,91,364,0,Censored,Censored
North_KingsF10,North_Kings,0,1,0,364,0,Censored,Censored
North_KingsF10,North_Kings,0,1,0,365,0,Censored,Censored
North_KingsF10,North_Kings,0,1,0,284,1,Unknown,UNKNOWN
North_KingsF11,North_Kings,0,0,233,364,0,Censored,Censored
North_KingsF11,North_Kings,0,0,0,273,0,Censored,Censored
North_KingsF11,North_Kings,0,1,274,364,0,Censored,Censored
North_KingsF11,North_Kings,0,1,0,340,0,Censored,Censored
North_KingsF12,North_Kings,0,1,208,364,0,Censored,Censored
North_KingsF12,North_Kings,0,1,0,364,0,Censored,Censored
North_KingsF12,North_Kings,0,1,0,365,0,Censored,Censored
North_KingsF12,North_Kings,0,1,0,364,0,Censored,Censored
North_KingsF12,North_Kings,0,1,0,91,0,Censored,Censored
North_KingsF13,North_Kings,0,0,217,364,0,Censored,Censored
North_KingsF13,North_Kings,0,0,0,90,0,Censored,Censored
North_KingsF13,North_Kings,0,1,91,364,0,Censored,Censored
North_KingsF13,North_Kings,0,1,0,365,0,Censored,Censored
North_KingsF13,North_Kings,0,1,0,274,0,Censored,Censored
North_KingsF14,North_Kings,0,1,172,364,0,Censored,Censored
North_KingsF14,North_Kings,0,1,0,365,0,Censored,Censored
North_KingsF14,North_Kings,0,1,0,364,0,Censored,Censored
North_KingsF14,North_Kings,0,1,0,364,0,Censored,Censored
North_KingsF14,North_Kings,0,1,0,364,0,Censored,Censored
North_KingsF14,North_Kings,0,1,0,271,1,Poached,POACHING
North_KingsF15,North_Kings,0,1,227,365,0,Censored,Censored
North_KingsF15,North_Kings,0,1,0,364,0,Censored,Censored
North_KingsF15,North_Kings,0,1,0,2,1,Poached,POACHING
North_KingsF16,North_Kings,0,1,70,364,0,Censored,Censored
North_KingsF16,North_Kings,0,1,0,364,0,Censored,Censored
North_KingsF16,North_Kings,0,1,0,287,1,Unknown,UNKNOWN
North_KingsF17,North_Kings,0,1,198,364,0,Censored,Censored
North_KingsF17,North_Kings,0,1,0,364,0,Censored,Censored
North_KingsF17,North_Kings,0,1,0,364,0,Censored,Censored
North_KingsF17,North_Kings,0,1,0,104,1,Unknown,UNKNOWN
North_KingsF18,North_Kings,0,0,207,364,0,Censored,Censored
North_KingsF18,North_Kings,0,0,0,90,0,Censored,Censored
North_KingsF18,North_Kings,0,1,91,364,0,Censored,Censored
North_KingsF18,North_Kings,0,1,0,364,0,Censored,Censored
North_KingsF18,North_Kings,0,1,0,286,0,Censored,Censored
North_KingsF19,North_Kings,0,0,335,364,0,Censored,Censored
North_KingsF19,North_Kings,0,0,0,364,0,Censored,Censored
North_KingsF19,North_Kings,0,0,0,41,1,Unknown,UNKNOWN
North_KingsF2,North_Kings,0,1,57,365,0,Censored,Censored
North_KingsF2,North_Kings,0,1,0,364,0,Censored,Censored
North_KingsF2,North_Kings,0,1,0,35,1,Unknown,UNKNOWN
North_KingsF3,North_Kings,0,1,63,365,0,Censored,Censored
North_KingsF3,North_Kings,0,1,0,364,0,Censored,Censored
North_KingsF3,North_Kings,0,1,0,364,0,Censored,Censored
North_KingsF3,North_Kings,0,1,0,130,1,Unknown,UNKNOWN
North_KingsF4,North_Kings,0,1,81,364,0,Censored,Censored
North_KingsF4,North_Kings,0,1,0,364,0,Censored,Censored
North_KingsF4,North_Kings,0,1,0,364,0,Censored,Censored
North_KingsF4,North_Kings,0,1,0,172,0,Censored,Censored
North_KingsF5,North_Kings,0,1,84,364,0,Censored,Censored
North_KingsF5,North_Kings,0,1,0,364,0,Censored,Censored
North_KingsF5,North_Kings,0,1,0,364,0,Censored,Censored
North_KingsF5,North_Kings,0,1,0,89,0,Censored,Censored
North_KingsF6,North_Kings,0,1,86,364,0,Censored,Censored
North_KingsF6,North_Kings,0,1,0,364,0,Censored,Censored
North_KingsF6,North_Kings,0,1,0,364,0,Censored,Censored
North_KingsF6,North_Kings,0,1,0,365,0,Censored,Censored
North_KingsF6,North_Kings,0,1,0,364,0,Censored,Censored
North_KingsF6,North_Kings,0,1,0,94,0,Censored,Censored
North_KingsF7,North_Kings,0,0,335,364,0,Censored,Censored
North_KingsF7,North_Kings,0,0,0,364,0,Censored,Censored
North_KingsF7,North_Kings,0,0,0,364,0,Censored,Censored
North_KingsF7,North_Kings,0,0,0,365,0,Censored,Censored
North_KingsF7,North_Kings,0,0,0,364,0,Censored,Censored
North_KingsF7,North_Kings,0,0,0,364,0,Censored,Censored
North_KingsF7,North_Kings,0,0,0,203,1,Unknown,UNKNOWN
North_KingsF8,North_Kings,0,1,129,364,0,Censored,Censored
North_KingsF8,North_Kings,0,1,0,244,0,Censored,Censored
North_KingsF9,North_Kings,0,0,134,273,0,Censored,Censored
North_KingsF9,North_Kings,0,1,274,364,0,Censored,Censored
North_KingsF9,North_Kings,0,1,0,364,0,Censored,Censored
North_KingsF9,North_Kings,0,1,0,364,0,Censored,Censored
North_KingsF9,North_Kings,0,1,0,365,0,Censored,Censored
North_KingsF9,North_Kings,0,1,0,364,0,Censored,Censored
North_KingsF9,North_Kings,0,1,0,210,1,Unknown,UNKNOWN
North_KingsM1,North_Kings,1,1,226,364,0,Censored,Censored
North_KingsM1,North_Kings,1,1,0,365,0,Censored,Censored
North_KingsM1,North_Kings,1,1,0,364,0,Censored,Censored
North_KingsM1,North_Kings,1,1,0,364,0,Censored,Censored
North_KingsM1,North_Kings,1,1,0,39,0,Censored,Censored
North_KingsM10,North_Kings,1,1,320,364,0,Censored,Censored
North_KingsM10,North_Kings,1,1,0,364,0,Censored,Censored
North_KingsM10,North_Kings,1,1,0,364,0,Censored,Censored
North_KingsM10,North_Kings,1,1,0,93,1,Unknown,UNKNOWN
North_KingsM11,North_Kings,1,1,86,364,0,Censored,Censored
North_KingsM11,North_Kings,1,1,0,364,0,Censored,Censored
North_KingsM11,North_Kings,1,1,0,327,1,Unknown,UNKNOWN
North_KingsM2,North_Kings,1,1,100,364,0,Censored,Censored
North_KingsM2,North_Kings,1,1,0,209,1,Management,DEPREDATION
North_KingsM3,North_Kings,1,1,100,364,0,Censored,Censored
North_KingsM3,North_Kings,1,1,0,364,0,Censored,Censored
North_KingsM3,North_Kings,1,1,0,364,0,Censored,Censored
North_KingsM3,North_Kings,1,1,0,194,1,Management,DEPREDATION
North_KingsM4,North_Kings,1,1,108,364,0,Censored,Censored
North_KingsM4,North_Kings,1,1,0,364,0,Censored,Censored
North_KingsM4,North_Kings,1,1,0,364,0,Censored,Censored
North_KingsM4,North_Kings,1,1,0,365,0,Censored,Censored
North_KingsM4,North_Kings,1,1,0,364,0,Censored,Censored
North_KingsM4,North_Kings,1,1,0,364,0,Censored,Censored
North_KingsM4,North_Kings,1,1,0,364,0,Censored,Censored
North_KingsM4,North_Kings,1,1,0,85,0,Censored,Censored
North_KingsM5,North_Kings,1,1,135,364,0,Censored,Censored
North_KingsM5,North_Kings,1,1,0,364,0,Censored,Censored
North_KingsM5,North_Kings,1,1,0,364,0,Censored,Censored
North_KingsM5,North_Kings,1,1,0,166,1,Unknown,UNKNOWN
North_KingsM6,North_Kings,1,1,38,364,0,Censored,Censored
North_KingsM6,North_Kings,1,1,0,364,0,Censored,Censored
North_KingsM6,North_Kings,1,1,0,365,0,Censored,Censored
North_KingsM6,North_Kings,1,1,0,16,1,Unknown,UNKNOWN
North_KingsM7,North_Kings,1,1,187,365,0,Censored,Censored
North_KingsM7,North_Kings,1,1,0,364,0,Censored,Censored
North_KingsM7,North_Kings,1,1,0,364,0,Censored,Censored
North_KingsM7,North_Kings,1,1,0,281,1,Unknown,UNKNOWN
North_KingsM8,North_Kings,1,1,251,365,0,Censored,Censored
North_KingsM8,North_Kings,1,1,0,364,0,Censored,Censored
North_KingsM8,North_Kings,1,1,0,154,1,Unknown,UNKNOWN
North_KingsM9,North_Kings,1,1,95,364,0,Censored,Censored
North_KingsM9,North_Kings,1,1,0,364,0,Censored,Censored
North_KingsM9,North_Kings,1,1,0,364,0,Censored,Censored
North_KingsM9,North_Kings,1,1,0,137,1,Management,DEPREDATION
PeninsularP250,Peninsular,1,0,11,144,1,Natural (Non-ISA),UNKNOWN - NATURAL
PeninsularP251,Peninsular,1,1,11,204,0,Censored,Censored
PeninsularP252,Peninsular,1,0,13,191,1,ISA,INTRASPECIFIC STRIFE
PeninsularP253,Peninsular,0,1,33,150,1,Vehicle,HIT BY CAR
PeninsularP254,Peninsular,1,1,38,204,0,Censored,Censored
PeninsularP255,Peninsular,0,0,47,116,0,Censored,Censored
PeninsularP256,Peninsular,0,0,84,125,1,ISA,INTRASPECIFIC STRIFE
PeninsularP257,Peninsular,0,1,91,204,0,Censored,Censored
PeninsularP258,Peninsular,0,0,137,204,0,Censored,Censored
PlumasPF1,Plumas,0,1,261,365,0,Censored,Censored
PlumasPF1,Plumas,0,1,0,364,0,Censored,Censored
PlumasPF1,Plumas,0,1,0,14,0,Censored,Censored
PlumasPF3,Plumas,0,1,336,365,0,Censored,Censored
PlumasPF3,Plumas,0,1,0,236,0,Censored,Censored
PlumasPF4,Plumas,0,1,338,365,0,Censored,Censored
PlumasPF4,Plumas,0,1,0,178,1,Natural (Non-ISA),"NATURAL"
PlumasPF5,Plumas,0,1,341,365,0,Censored,Censored
PlumasPF5,Plumas,0,1,0,364,0,Censored,Censored
PlumasPF5,Plumas,0,1,0,150,0,Censored,Censored
PlumasPM1,Plumas,1,1,136,365,0,Censored,Censored
PlumasPM1,Plumas,1,1,0,39,1,Natural (Non-ISA),"NATURAL"
PlumasPM2,Plumas,1,1,137,365,0,Censored,Censored
PlumasPM2,Plumas,1,1,0,220,0,Censored,Censored
PlumasPM3,Plumas,1,1,342,365,0,Censored,Censored
PlumasPM3,Plumas,1,1,0,348,0,Censored,Censored
RedwoodsF1,Redwoods,0,1,153,364,0,Censored,Censored
RedwoodsF1,Redwoods,0,1,0,365,0,Censored,Censored
RedwoodsF1,Redwoods,0,1,0,120,0,Censored,Censored
RedwoodsF2,Redwoods,0,1,208,364,0,Censored,Censored
RedwoodsF2,Redwoods,0,1,0,365,0,Censored,Censored
RedwoodsF2,Redwoods,0,1,0,151,0,Censored,Censored
RedwoodsF3,Redwoods,0,1,91,364,0,Censored,Censored
RedwoodsF3,Redwoods,0,1,0,365,0,Censored,Censored
RedwoodsF3,Redwoods,0,1,0,120,0,Censored,Censored
RedwoodsM1,Redwoods,1,1,259,364,0,Censored,Censored
RedwoodsM1,Redwoods,1,1,0,364,0,Censored,Censored
RedwoodsM1,Redwoods,1,1,0,262,1,Poached,POACHING
RedwoodsM2,Redwoods,1,1,265,364,0,Censored,Censored
RedwoodsM2,Redwoods,1,1,0,364,0,Censored,Censored
RedwoodsM2,Redwoods,1,1,0,122,1,Management,DEPREDATION
RedwoodsM3,Redwoods,1,1,266,364,0,Censored,Censored
RedwoodsM3,Redwoods,1,1,0,293,1,Poached,POACHING
RedwoodsM4,Redwoods,1,1,181,364,0,Censored,Censored
RedwoodsM4,Redwoods,1,1,0,30,0,Censored,Censored
RedwoodsM5,Redwoods,1,1,219,365,0,Censored,Censored
RedwoodsM5,Redwoods,1,1,0,123,0,Censored,Censored
RedwoodsM6,Redwoods,1,1,221,365,0,Censored,Censored
RedwoodsM6,Redwoods,1,1,0,128,0,Censored,Censored
Sacramento_ValleyBF1,Sacramento_Valley,0,0,173,347,0,Censored,Censored
Sacramento_ValleyBM1,Sacramento_Valley,1,0,182,258,1,Unknown,UNKNOWN
Sierra_FoothillsAF180,Sierra_Foothills,0,1,87,364,0,Censored,Censored
Sierra_FoothillsAF180,Sierra_Foothills,0,1,0,364,0,Censored,Censored
Sierra_FoothillsAF180,Sierra_Foothills,0,1,0,34,0,Censored,Censored
Sierra_FoothillsAF200,Sierra_Foothills,0,1,20,364,0,Censored,Censored
Sierra_FoothillsAF200,Sierra_Foothills,0,1,0,109,1,Management,DEPREDATION
Sierra_FoothillsAF797,Sierra_Foothills,0,1,53,277,0,Censored,Censored
Sierra_FoothillsAF809,Sierra_Foothills,0,1,83,153,0,Censored,Censored
Sierra_FoothillsAF819,Sierra_Foothills,0,1,48,278,0,Censored,Censored
Sierra_FoothillsAF838,Sierra_Foothills,0,1,23,105,0,Censored,Censored
Sierra_FoothillsAF868,Sierra_Foothills,0,1,51,364,0,Censored,Censored
Sierra_FoothillsAF868,Sierra_Foothills,0,1,0,41,0,Censored,Censored
Sierra_FoothillsAM110a,Sierra_Foothills,1,1,216,365,0,Censored,Censored
Sierra_FoothillsAM110a,Sierra_Foothills,1,1,0,22,0,Censored,Censored
Sierra_FoothillsAM160,Sierra_Foothills,1,1,32,318,1,Unknown,UNKNOWN
Sierra_FoothillsAM190,Sierra_Foothills,1,1,68,364,0,Censored,Censored
Sierra_FoothillsAM190,Sierra_Foothills,1,1,0,195,0,Censored,Censored
Sierra_FoothillsAM852,Sierra_Foothills,1,1,31,99,1,Management,DEPREDATION
Sierra_FoothillsJM150,Sierra_Foothills,1,0,152,156,0,Censored,Censored
Sierra_FoothillsSF881,Sierra_Foothills,0,0,123,364,0,Censored,Censored
Sierra_FoothillsSF881,Sierra_Foothills,0,0,0,5,0,Censored,Censored
Sierra_FoothillsSF889,Sierra_Foothills,0,0,3,364,0,Censored,Censored
Sierra_FoothillsSF889,Sierra_Foothills,0,0,0,91,0,Censored,Censored
Sierra_FoothillsSF889,Sierra_Foothills,0,1,92,159,1,Management,DEPREDATION
Sierra_FoothillsSF901,Sierra_Foothills,0,0,107,364,0,Censored,Censored
Sierra_FoothillsSF901,Sierra_Foothills,0,0,0,273,0,Censored,Censored
Sierra_FoothillsSF901,Sierra_Foothills,0,1,274,364,0,Censored,Censored
Sierra_FoothillsSF901,Sierra_Foothills,0,1,0,66,1,Management,DEPREDATION
Sierra_FoothillsSM119,Sierra_Foothills,1,0,244,364,0,Censored,Censored
Sierra_FoothillsSM119,Sierra_Foothills,1,0,0,90,1,ISA,MTN LION
Sierra_FoothillsSM130,Sierra_Foothills,1,0,131,364,0,Censored,Censored
Sierra_FoothillsSM130,Sierra_Foothills,1,0,0,244,0,Censored,Censored
Sierra_FoothillsSM170,Sierra_Foothills,1,0,131,297,0,Censored,Censored
Sierra_FoothillsSM852,Sierra_Foothills,1,0,8,182,1,Vehicle,HIT BY CAR
Siskiyou10M,Siskiyou,1,0,303,364,0,Censored,Censored
Siskiyou10M,Siskiyou,1,0,0,120,0,Censored,Censored
Siskiyou10M,Siskiyou,1,1,121,364,0,Censored,Censored
Siskiyou10M,Siskiyou,1,1,0,55,0,Censored,Censored
Siskiyou12M,Siskiyou,1,1,347,364,0,Censored,Censored
Siskiyou12M,Siskiyou,1,1,0,364,0,Censored,Censored
Siskiyou12M,Siskiyou,1,1,0,42,1,ISA,INTRASPECIFIC (KILLED BY OTHER PUMA). THIS PUMA...
Siskiyou13F,Siskiyou,0,1,42,364,0,Censored,Censored
Siskiyou13F,Siskiyou,0,1,0,59,0,Censored,Censored
Siskiyou14M,Siskiyou,1,1,78,364,0,Censored,Censored
Siskiyou14M,Siskiyou,1,1,0,204,0,Censored,Censored
Siskiyou15M,Siskiyou,1,1,137,190,1,ISA,INTRASPECIFIC (KILLED BY OTHER PUMA)
Siskiyou1F,Siskiyou,0,1,28,364,0,Censored,Censored
Siskiyou1F,Siskiyou,0,1,0,364,0,Censored,Censored
Siskiyou1F,Siskiyou,0,1,0,188,0,Censored,Censored
Siskiyou2F,Siskiyou,0,1,318,365,0,Censored,Censored
Siskiyou2F,Siskiyou,0,1,0,65,1,Poached,POACHED (TREED WITH HOUNDS; GUNSHOT)
Siskiyou3M,Siskiyou,1,0,57,240,0,Censored,Censored
Siskiyou3M,Siskiyou,1,1,241,364,0,Censored,Censored
Siskiyou3M,Siskiyou,1,1,0,364,0,Censored,Censored
Siskiyou3M,Siskiyou,1,1,0,9,1,Vehicle,TRAINKILL (HIT BY TRAIN)
Siskiyou4M,Siskiyou,1,1,65,230,0,Censored,Censored
Siskiyou4M,Siskiyou,1,1,27,338,1,Poached,POACHED (TREED WITH HOUNDS; GUNSHOT)
Siskiyou5M,Siskiyou,1,1,66,364,0,Censored,Censored
Siskiyou5M,Siskiyou,1,1,0,364,0,Censored,Censored
Siskiyou5M,Siskiyou,1,1,0,284,1,ISA,INTRASPECIFIC (KILLED BY OTHER PUMA)
Siskiyou6M,Siskiyou,1,1,311,328,1,Vehicle,ROADKILL (HIT BY VEHICLE)
Siskiyou7M,Siskiyou,1,1,342,364,0,Censored,Censored
Siskiyou7M,Siskiyou,1,1,0,364,0,Censored,Censored
Siskiyou7M,Siskiyou,1,1,0,47,1,Poached,POACHED OR BYCATCH (DIED LIKELY OF EXPOSURE AND...
Siskiyou8F,Siskiyou,0,1,354,364,0,Censored,Censored
Siskiyou8F,Siskiyou,0,1,0,364,0,Censored,Censored
Siskiyou8F,Siskiyou,0,1,0,44,0,Censored,Censored
Siskiyou9F,Siskiyou,0,1,62,364,0,Censored,Censored
Siskiyou9F,Siskiyou,0,1,0,117,0,Censored,Censored
Southern_SierraPF01,Southern_Sierra,0,1,105,364,0,Censored,Censored
Southern_SierraPF01,Southern_Sierra,0,1,0,364,0,Censored,Censored
Southern_SierraPF01,Southern_Sierra,0,1,0,106,0,Censored,Censored
Southern_SierraPF02,Southern_Sierra,0,1,107,345,0,Censored,Censored
Southern_SierraPF04,Southern_Sierra,0,1,95,364,0,Censored,Censored
Southern_SierraPF04,Southern_Sierra,0,1,0,219,0,Censored,Censored
Southern_SierraPF05,Southern_Sierra,0,1,82,279,1,Poached,POACHING
Southern_SierraPF06,Southern_Sierra,0,1,15,252,0,Censored,Censored
Southern_SierraPM02,Southern_Sierra,1,0,95,112,0,Censored,Censored
Southern_SierraPM03,Southern_Sierra,1,1,132,364,0,Censored,Censored
Southern_SierraPM03,Southern_Sierra,1,1,0,26,0,Censored,Censored
Southern_SierraPM04,Southern_Sierra,1,1,13,364,0,Censored,Censored
Southern_SierraPM04,Southern_Sierra,1,1,0,71,1,Management,DEPREDATION
Transverse_RangeSBF1,Transverse_Range,0,0,351,364,0,Censored,Censored
Transverse_RangeSBF1,Transverse_Range,0,0,0,204,0,Censored,Censored
Transverse_RangeSBM1,Transverse_Range,1,0,346,364,0,Censored,Censored
Transverse_RangeSBM1,Transverse_Range,1,0,0,193,1,Vehicle,HIT BY CAR
YosemiteBobbi,Yosemite,0,1,98,364,0,Censored,Censored
YosemiteBobbi,Yosemite,0,1,0,321,0,Censored,Censored
YosemiteFlo,Yosemite,0,1,307,364,0,Censored,Censored
YosemiteFlo,Yosemite,0,1,0,193,1,Natural (Non-ISA),"NATURAL"
YosemiteGladys,Yosemite,0,1,147,364,0,Censored,Censored
YosemiteGladys,Yosemite,0,1,0,364,0,Censored,Censored
YosemiteGladys,Yosemite,0,1,0,87,0,Censored,Censored
YosemiteSid,Yosemite,1,0,181,211,0,Censored,Censored
YosemiteSummer,Yosemite,0,1,172,243,1,Natural (Non-ISA),"NATURAL"
YosemiteThelma,Yosemite,0,1,217,364,0,Censored,Censored
YosemiteThelma,Yosemite,0,1,0,364,0,Censored,Censored
YosemiteThelma,Yosemite,0,1,0,87,0,Censored,Censored
YosemiteVolita,Yosemite,0,1,77,364,0,Censored,Censored
YosemiteVolita,Yosemite,0,1,0,364,0,Censored,Censored
YosemiteVolita,Yosemite,0,1,0,364,0,Censored,Censored
YosemiteVolita,Yosemite,0,1,0,87,0,Censored,Censored
Santa_Cruz1F,Santa_Cruz,0,1,265,365,0,Censored,Censored
Santa_Cruz1F,Santa_Cruz,0,1,0,364,0,Censored,Censored
Santa_Cruz1F,Santa_Cruz,0,1,0,225,0,Censored,Censored
Santa_Cruz2F,Santa_Cruz,0,1,281,313,0,Censored,Censored
Santa_Cruz2F,Santa_Cruz,0,1,11,94,0,Censored,Censored
Santa_Cruz2F,Santa_Cruz,0,1,17,364,0,Censored,Censored
Santa_Cruz2F,Santa_Cruz,0,1,0,82,0,Censored,Censored
Santa_Cruz3M,Santa_Cruz,1,1,288,365,0,Censored,Censored
Santa_Cruz3M,Santa_Cruz,1,1,0,305,0,Censored,Censored
Santa_Cruz4M,Santa_Cruz,1,1,340,365,0,Censored,Censored
Santa_Cruz4M,Santa_Cruz,1,1,0,364,0,Censored,Censored
Santa_Cruz4M,Santa_Cruz,1,1,0,10,0,Censored,Censored
Santa_Cruz4M,Santa_Cruz,1,1,72,364,0,Censored,Censored
Santa_Cruz4M,Santa_Cruz,1,1,0,63,0,Censored,Censored
Santa_Cruz4M,Santa_Cruz,1,1,183,364,0,Censored,Censored
Santa_Cruz4M,Santa_Cruz,1,1,0,79,1,Management,DEPREDATION
Santa_Cruz5M,Santa_Cruz,1,1,116,198,0,Censored,Censored
Santa_Cruz5M,Santa_Cruz,1,1,154,187,1,Management,DEPREDATION
Santa_Cruz6M,Santa_Cruz,1,1,117,364,0,Censored,Censored
Santa_Cruz6M,Santa_Cruz,1,1,0,18,1,Poached,ILLEGAL KILLING (CONFIRMED RETALIATORY)
Santa_Cruz7F,Santa_Cruz,0,1,141,364,0,Censored,Censored
Santa_Cruz7F,Santa_Cruz,0,1,0,24,0,Censored,Censored
Santa_Cruz7F,Santa_Cruz,0,1,275,364,0,Censored,Censored
Santa_Cruz7F,Santa_Cruz,0,1,0,364,0,Censored,Censored
Santa_Cruz7F,Santa_Cruz,0,1,0,365,0,Censored,Censored
Santa_Cruz7F,Santa_Cruz,0,1,0,364,0,Censored,Censored
Santa_Cruz7F,Santa_Cruz,0,1,0,225,1,Unknown,UNKNOWN
Santa_Cruz9M,Santa_Cruz,1,0,23,160,1,Management,DEPREDATION
Santa_Cruz10F,Santa_Cruz,0,0,252,364,0,Censored,Censored
Santa_Cruz10F,Santa_Cruz,0,1,16,365,0,Censored,Censored
Santa_Cruz10F,Santa_Cruz,0,1,0,198,0,Censored,Censored
Santa_Cruz10F,Santa_Cruz,0,1,124,364,0,Censored,Censored
Santa_Cruz10F,Santa_Cruz,0,1,0,365,0,Censored,Censored
Santa_Cruz10F,Santa_Cruz,0,1,0,364,0,Censored,Censored
Santa_Cruz10F,Santa_Cruz,0,1,0,164,0,Censored,Censored
Santa_Cruz11F,Santa_Cruz,0,1,282,364,0,Censored,Censored
Santa_Cruz11F,Santa_Cruz,0,1,0,364,0,Censored,Censored
Santa_Cruz11F,Santa_Cruz,0,1,0,77,0,Censored,Censored
Santa_Cruz11F,Santa_Cruz,0,1,334,364,0,Censored,Censored
Santa_Cruz11F,Santa_Cruz,0,1,0,365,0,Censored,Censored
Santa_Cruz11F,Santa_Cruz,0,1,0,19,1,Unknown,UNKNOWN
Santa_Cruz12F,Santa_Cruz,0,1,283,364,0,Censored,Censored
Santa_Cruz12F,Santa_Cruz,0,1,0,291,0,Censored,Censored
Santa_Cruz13F,Santa_Cruz,0,1,10,298,1,Management,DEPREDATION
Santa_Cruz15F,Santa_Cruz,0,0,117,364,0,Censored,Censored
Santa_Cruz16M,Santa_Cruz,1,1,126,354,0,Censored,Censored
Santa_Cruz16M,Santa_Cruz,1,1,95,235,0,Censored,Censored
Santa_Cruz16M,Santa_Cruz,1,1,336,364,0,Censored,Censored
Santa_Cruz16M,Santa_Cruz,1,1,0,326,1,Poached,ILLEGAL KILLING (CONFIRMED RETALIATORY)
Santa_Cruz17M,Santa_Cruz,1,1,223,298,0,Censored,Censored
Santa_Cruz17M,Santa_Cruz,1,1,6,60,0,Censored,Censored
Santa_Cruz17M,Santa_Cruz,1,1,67,365,0,Censored,Censored
Santa_Cruz17M,Santa_Cruz,1,1,0,31,1,ISA,PUMA
Santa_Cruz18F,Santa_Cruz,0,1,315,364,0,Censored,Censored
Santa_Cruz18F,Santa_Cruz,0,1,0,218,1,Vehicle,VEHICLE COLLISION
Santa_Cruz19F,Santa_Cruz,0,0,324,364,0,Censored,Censored
Santa_Cruz19F,Santa_Cruz,0,1,0,80,0,Censored,Censored
Santa_Cruz19F,Santa_Cruz,0,1,129,365,0,Censored,Censored
Santa_Cruz19F,Santa_Cruz,0,1,0,364,0,Censored,Censored
Santa_Cruz19F,Santa_Cruz,0,1,0,210,0,Censored,Censored
Santa_Cruz19F,Santa_Cruz,0,1,350,364,0,Censored,Censored
Santa_Cruz19F,Santa_Cruz,0,1,0,258,1,ISA,PUMA
Santa_Cruz20F,Santa_Cruz,0,1,346,356,1,Unknown,UNKNOWN
Santa_Cruz21M,Santa_Cruz,1,0,21,25,0,Censored,Censored
Santa_Cruz22M,Santa_Cruz,1,1,109,364,0,Censored,Censored
Santa_Cruz22M,Santa_Cruz,1,1,0,356,1,Unknown,UNKNOWN
Santa_Cruz23F,Santa_Cruz,0,1,128,364,0,Censored,Censored
Santa_Cruz23F,Santa_Cruz,0,1,0,365,0,Censored,Censored
Santa_Cruz23F,Santa_Cruz,0,1,0,364,0,Censored,Censored
Santa_Cruz23F,Santa_Cruz,0,1,0,174,0,Censored,Censored
Santa_Cruz24F,Santa_Cruz,0,1,136,363,1,Poached,ILLEGAL KILLING (CONFIRMED RETALIATORY)
Santa_Cruz25F,Santa_Cruz,0,1,214,364,0,Censored,Censored
Santa_Cruz25F,Santa_Cruz,0,1,0,365,0,Censored,Censored
Santa_Cruz25F,Santa_Cruz,0,1,0,364,0,Censored,Censored
Santa_Cruz25F,Santa_Cruz,0,1,0,364,0,Censored,Censored
Santa_Cruz25F,Santa_Cruz,0,1,0,364,0,Censored,Censored
Santa_Cruz25F,Santa_Cruz,0,1,0,365,0,Censored,Censored
Santa_Cruz25F,Santa_Cruz,0,1,0,364,0,Censored,Censored
Santa_Cruz25F,Santa_Cruz,0,1,0,364,0,Censored,Censored
Santa_Cruz25F,Santa_Cruz,0,1,0,364,0,Censored,Censored
Santa_Cruz25F,Santa_Cruz,0,1,0,63,0,Censored,Censored
Santa_Cruz26M,Santa_Cruz,1,0,232,364,0,Censored,Censored
Santa_Cruz26M,Santa_Cruz,1,0,0,365,0,Censored,Censored
Santa_Cruz26M,Santa_Cruz,1,1,0,364,0,Censored,Censored
Santa_Cruz26M,Santa_Cruz,1,1,0,364,0,Censored,Censored
Santa_Cruz26M,Santa_Cruz,1,1,0,91,1,Management,DEPREDATION
Santa_Cruz27M,Santa_Cruz,1,0,300,364,0,Censored,Censored
Santa_Cruz27M,Santa_Cruz,1,1,0,273,1,Management,DEPREDATION
Santa_Cruz28F,Santa_Cruz,0,1,319,364,0,Censored,Censored
Santa_Cruz28F,Santa_Cruz,0,1,0,365,0,Censored,Censored
Santa_Cruz28F,Santa_Cruz,0,1,0,364,0,Censored,Censored
Santa_Cruz28F,Santa_Cruz,0,1,0,364,0,Censored,Censored
Santa_Cruz28F,Santa_Cruz,0,1,0,55,1,Vehicle,VEHICLE COLLISION
Santa_Cruz29F,Santa_Cruz,0,1,335,364,0,Censored,Censored
Santa_Cruz29F,Santa_Cruz,0,1,0,365,0,Censored,Censored
Santa_Cruz29F,Santa_Cruz,0,1,0,364,0,Censored,Censored
Santa_Cruz29F,Santa_Cruz,0,1,0,364,0,Censored,Censored
Santa_Cruz29F,Santa_Cruz,0,1,0,364,0,Censored,Censored
Santa_Cruz29F,Santa_Cruz,0,1,0,183,0,Censored,Censored
Santa_Cruz30F,Santa_Cruz,0,1,23,69,1,Unknown,UNKNOWN
Santa_Cruz31M,Santa_Cruz,1,1,37,365,0,Censored,Censored
Santa_Cruz31M,Santa_Cruz,1,1,0,104,0,Censored,Censored
Santa_Cruz31M,Santa_Cruz,1,1,291,364,0,Censored,Censored
Santa_Cruz31M,Santa_Cruz,1,1,0,260,0,Censored,Censored
Santa_Cruz35M,Santa_Cruz,1,0,96,365,0,Censored,Censored
Santa_Cruz35M,Santa_Cruz,1,1,0,75,0,Censored,Censored
Santa_Cruz36M,Santa_Cruz,1,1,0,364,0,Censored,Censored
Santa_Cruz36M,Santa_Cruz,1,1,0,364,0,Censored,Censored
Santa_Cruz36M,Santa_Cruz,1,1,0,250,1,Unknown,UNKNOWN
Santa_Cruz37M,Santa_Cruz,1,1,48,364,0,Censored,Censored
Santa_Cruz37M,Santa_Cruz,1,1,0,324,0,Censored,Censored
Santa_Cruz37M,Santa_Cruz,1,1,95,365,0,Censored,Censored
Santa_Cruz37M,Santa_Cruz,1,1,0,164,0,Censored,Censored
Santa_Cruz38F,Santa_Cruz,0,1,126,364,0,Censored,Censored
Santa_Cruz38F,Santa_Cruz,0,1,0,364,0,Censored,Censored
Santa_Cruz38F,Santa_Cruz,0,1,0,167,0,Censored,Censored
Santa_Cruz38F,Santa_Cruz,0,1,276,292,0,Censored,Censored
Santa_Cruz38F,Santa_Cruz,0,1,123,364,0,Censored,Censored
Santa_Cruz38F,Santa_Cruz,0,1,0,364,0,Censored,Censored
Santa_Cruz38F,Santa_Cruz,0,1,0,364,0,Censored,Censored
Santa_Cruz38F,Santa_Cruz,0,1,0,63,0,Censored,Censored
Santa_Cruz39M,Santa_Cruz,1,0,135,303,1,Vehicle,VEHICLE COLLISION
Santa_Cruz41M,Santa_Cruz,1,0,272,364,0,Censored,Censored
Santa_Cruz41M,Santa_Cruz,1,0,0,54,0,Censored,Censored
Santa_Cruz42M,Santa_Cruz,1,1,288,364,0,Censored,Censored
Santa_Cruz42M,Santa_Cruz,1,1,0,364,0,Censored,Censored
Santa_Cruz42M,Santa_Cruz,1,1,0,364,0,Censored,Censored
Santa_Cruz42M,Santa_Cruz,1,1,0,77,0,Censored,Censored
Santa_Cruz43F,Santa_Cruz,0,1,292,364,0,Censored,Censored
Santa_Cruz43F,Santa_Cruz,0,1,0,364,0,Censored,Censored
Santa_Cruz43F,Santa_Cruz,0,1,0,364,0,Censored,Censored
Santa_Cruz43F,Santa_Cruz,0,1,0,365,0,Censored,Censored
Santa_Cruz43F,Santa_Cruz,0,1,0,281,0,Censored,Censored
Santa_Cruz46M,Santa_Cruz,1,0,15,274,1,Vehicle,VEHICLE COLLISION
Santa_Cruz48M,Santa_Cruz,1,1,124,364,0,Censored,Censored
Santa_Cruz48M,Santa_Cruz,1,1,0,364,0,Censored,Censored
Santa_Cruz48M,Santa_Cruz,1,1,0,228,0,Censored,Censored
Santa_Cruz51M,Santa_Cruz,1,1,309,364,0,Censored,Censored
Santa_Cruz51M,Santa_Cruz,1,1,0,364,0,Censored,Censored
Santa_Cruz51M,Santa_Cruz,1,1,0,354,0,Censored,Censored
Santa_Cruz52F,Santa_Cruz,0,1,81,364,0,Censored,Censored
Santa_Cruz52F,Santa_Cruz,0,1,0,2,1,Unknown,UNKNOWN
Santa_Cruz53F,Santa_Cruz,0,1,0,274,0,Censored,Censored
Santa_Cruz54M,Santa_Cruz,1,0,97,364,0,Censored,Censored
Santa_Cruz54M,Santa_Cruz,1,0,0,216,0,Censored,Censored
Santa_Cruz55F,Santa_Cruz,0,1,103,364,0,Censored,Censored
Santa_Cruz55F,Santa_Cruz,0,1,0,365,0,Censored,Censored
Santa_Cruz55F,Santa_Cruz,0,1,0,138,0,Censored,Censored
Santa_Cruz56M,Santa_Cruz,1,0,137,364,0,Censored,Censored
Santa_Cruz56M,Santa_Cruz,1,0,0,181,1,Unknown,UNKNOWN
Santa_Cruz62M,Santa_Cruz,1,1,292,364,0,Censored,Censored
Santa_Cruz62M,Santa_Cruz,1,1,0,83,1,Poached,ILLEGAL KILLING (CONFIRMED RETALIATORY)
Santa_Cruz66M,Santa_Cruz,1,1,299,364,0,Censored,Censored
Santa_Cruz66M,Santa_Cruz,1,1,0,365,0,Censored,Censored
Santa_Cruz66M,Santa_Cruz,1,1,0,364,0,Censored,Censored
Santa_Cruz66M,Santa_Cruz,1,1,0,364,0,Censored,Censored
Santa_Cruz66M,Santa_Cruz,1,1,0,364,0,Censored,Censored
Santa_Cruz66M,Santa_Cruz,1,1,0,63,0,Censored,Censored
Santa_Cruz67M,Santa_Cruz,1,0,323,364,0,Censored,Censored
Santa_Cruz67M,Santa_Cruz,1,0,0,25,0,Censored,Censored
Santa_Cruz69F,Santa_Cruz,0,1,45,206,1,Poached,ILLEGAL KILLING (NOT CONFIRMED RETALIATORY)
Santa_Cruz70M,Santa_Cruz,1,1,84,365,0,Censored,Censored
Santa_Cruz70M,Santa_Cruz,1,1,0,99,1,Unknown,UNKNOWN
Santa_Cruz77M,Santa_Cruz,1,0,208,365,0,Censored,Censored
Santa_Cruz77M,Santa_Cruz,1,0,0,31,0,Censored,Censored
Santa_Cruz78F,Santa_Cruz,0,1,278,365,0,Censored,Censored
Santa_Cruz78F,Santa_Cruz,0,1,0,364,0,Censored,Censored
Santa_Cruz78F,Santa_Cruz,0,1,0,346,0,Censored,Censored
Santa_Cruz79M,Santa_Cruz,1,1,326,365,0,Censored,Censored
Santa_Cruz79M,Santa_Cruz,1,1,0,140,0,Censored,Censored
Santa_Cruz80F,Santa_Cruz,0,1,335,365,0,Censored,Censored
Santa_Cruz80F,Santa_Cruz,0,1,0,298,0,Censored,Censored
Santa_Cruz81F,Santa_Cruz,0,1,346,365,0,Censored,Censored
Santa_Cruz81F,Santa_Cruz,0,1,0,364,0,Censored,Censored
Santa_Cruz81F,Santa_Cruz,0,1,0,364,0,Censored,Censored
Santa_Cruz81F,Santa_Cruz,0,1,0,364,0,Censored,Censored
Santa_Cruz81F,Santa_Cruz,0,1,0,63,0,Censored,Censored
Santa_Cruz82M,Santa_Cruz,1,1,86,364,0,Censored,Censored
Santa_Cruz82M,Santa_Cruz,1,1,0,364,0,Censored,Censored
Santa_Cruz82M,Santa_Cruz,1,1,0,210,1,ISA,PUMA
Santa_Cruz83M,Santa_Cruz,1,0,107,364,0,Censored,Censored
Santa_Cruz83M,Santa_Cruz,1,0,0,185,0,Censored,Censored
Santa_Cruz85F,Santa_Cruz,0,0,121,208,1,Unknown,UNKNOWN
Santa_Cruz93M,Santa_Cruz,1,0,313,334,0,Censored,Censored
Santa_Cruz94F,Santa_Cruz,0,0,114,137,0,Censored,Censored
Santa_Cruz95F,Santa_Cruz,0,1,0,91,0,Censored,Censored
Santa_Cruz98F,Santa_Cruz,0,1,157,364,0,Censored,Censored
Santa_Cruz98F,Santa_Cruz,0,1,0,364,0,Censored,Censored
Santa_Cruz98F,Santa_Cruz,0,1,0,63,0,Censored,Censored
Santa_Cruz102F,Santa_Cruz,0,1,196,258,1,Natural (Non-ISA),DISEASE (LIKELY)
Santa_Cruz107M,Santa_Cruz,1,1,328,364,0,Censored,Censored
Santa_Cruz107M,Santa_Cruz,1,1,0,364,0,Censored,Censored
Santa_Cruz107M,Santa_Cruz,1,1,0,63,0,Censored,Censored
Santa_Cruz109F,Santa_Cruz,0,1,238,364,0,Censored,Censored
Santa_Cruz109F,Santa_Cruz,0,1,0,63,0,Censored,Censored
Santa_Cruz112M,Santa_Cruz,1,0,169,183,1,Vehicle,HIT BY CAR
Santa_Cruz84M,Santa_Cruz,1,0,123,313,1,Management,DEPREDATION
Santa_Cruz26M,Santa_Cruz,1,0,0,57,0,Censored,Censored
Santa_Cruz27M,Santa_Cruz,1,0,0,101,0,Censored,Censored
Santa_Cruz34M,Santa_Cruz,1,0,92,326,0,Censored,Censored
Santa_Cruz35M,Santa_Cruz,1,0,0,346,0,Censored,Censored
Santa_Cruz36M,Santa_Cruz,1,0,151,314,0,Censored,Censored
Santa_Cruz26M,Santa_Cruz,1,1,58,364,0,Censored,Censored
Santa_Cruz27M,Santa_Cruz,1,1,102,365,0,Censored,Censored
Santa_Cruz35M,Santa_Cruz,1,1,347,364,0,Censored,Censored
Santa_Cruz36M,Santa_Cruz,1,1,315,365,0,Censored,Censored
Santa_Cruz10F,Santa_Cruz,0,0,0,107,0,Censored,Censored
Santa_Cruz15F,Santa_Cruz,0,0,0,32,0,Censored,Censored
Santa_Cruz19F,Santa_Cruz,0,0,0,153,0,Censored,Censored
Santa_Cruz53F,Santa_Cruz,0,0,95,124,0,Censored,Censored
Santa_Cruz95F,Santa_Cruz,0,0,120,199,0,Censored,Censored
Santa_Cruz108F,Santa_Cruz,0,0,65,165,0,Censored,Censored
Santa_Cruz10F,Santa_Cruz,0,1,108,267,0,Censored,Censored
Santa_Cruz15F,Santa_Cruz,0,1,33,45,1,Unknown,UNKNOWN
Santa_Cruz19F,Santa_Cruz,0,1,154,364,0,Censored,Censored
Santa_Cruz53F,Santa_Cruz,0,1,125,364,0,Censored,Censored
Santa_Cruz95F,Santa_Cruz,0,1,200,364,0,Censored,Censored
Santa_Cruz108F,Santa_Cruz,0,1,166,294,0,Censored,Censored
EPF007,EP,0,1,15,364,0,Censored,Censored
EPF007,EP,0,1,0,38,1,Unknown,UNKNOWN
EPF008,EP,0,0,66,273,0,Censored,Censored
EPF008,EP,0,1,274,357,0,Censored,Censored
EPF008,EP,0,1,13,141,0,Censored,Censored
EPF013,EP,0,1,295,364,0,Censored,Censored
EPF013,EP,0,1,0,132,1,ISA,PREDATION - BY LION
EPF014,EP,0,1,33,364,0,Censored,Censored
EPF014,EP,0,1,0,365,0,Censored,Censored
EPF014,EP,0,1,0,364,0,Censored,Censored
EPF014,EP,0,1,0,21,1,Management,DEPREDATION PERMIT
EPF015,EP,0,1,37,170,1,Natural (Non-ISA),UNKNOWN BUT POSSIBLE EPIDEMIC DISEASE
EPF018,EP,0,0,244,364,0,Censored,Censored
EPF018,EP,0,0,0,13,0,Censored,Censored
EPF018,EP,0,0,63,182,0,Censored,Censored
EPF018,EP,0,1,183,365,0,Censored,Censored
EPF018,EP,0,1,0,364,0,Censored,Censored
EPF018,EP,0,1,0,364,0,Censored,Censored
EPF018,EP,0,1,0,159,0,Censored,Censored
EPF019,EP,0,1,287,313,1,Other Human,FIRE
EPF020,EP,0,1,13,365,0,Censored,Censored
EPF020,EP,0,1,0,207,0,Censored,Censored
EPF020,EP,0,1,71,364,0,Censored,Censored
EPF020,EP,0,1,0,161,0,Censored,Censored
EPF021,EP,0,0,58,178,1,Natural (Non-ISA),UNKNOWN BUT POSSIBLE EPIDEMIC DISEASE
EPF029,EP,0,1,67,289,1,Unknown,UNKNOWN
EPF035,EP,0,0,213,364,0,Censored,Censored
EPF035,EP,0,0,0,140,0,Censored,Censored
EPF038,EP,0,1,363,364,0,Censored,Censored
EPF038,EP,0,1,0,364,0,Censored,Censored
EPF038,EP,0,1,0,103,1,Poached,SHOT ILLEGALLY -  BY HUNTER
EPF041,EP,0,1,71,364,0,Censored,Censored
EPF041,EP,0,1,0,11,0,Censored,Censored
EPF043,EP,0,0,305,364,0,Censored,Censored
EPF043,EP,0,0,0,122,0,Censored,Censored
EPF047,EP,0,1,342,364,0,Censored,Censored
EPF047,EP,0,1,0,364,0,Censored,Censored
EPF047,EP,0,1,0,91,0,Censored,Censored
EPF048,EP,0,1,21,364,0,Censored,Censored
EPF048,EP,0,1,0,76,0,Censored,Censored
EPF049,EP,0,1,302,365,0,Censored,Censored
EPF049,EP,0,1,0,364,0,Censored,Censored
EPF049,EP,0,1,0,353,0,Censored,Censored
EPF094,EP,0,1,86,207,1,Natural (Non-ISA),DISEASE - COCCIDIODOMYCOSIS
EPF105,EP,0,1,34,364,0,Censored,Censored
EPF105,EP,0,1,0,34,0,Censored,Censored
EPF137,EP,0,1,56,364,0,Censored,Censored
EPF137,EP,0,1,0,77,0,Censored,Censored
EPF138,EP,0,0,118,235,0,Censored,Censored
EPF139,EP,0,0,350,364,0,Censored,Censored
EPF139,EP,0,0,0,31,0,Censored,Censored
EPF139,EP,0,1,32,77,0,Censored,Censored
EPM001,EP,1,1,7,175,1,Natural (Non-ISA),UNKNOWN BUT POSSIBLE EPIDEMIC DISEASE
EPM002,EP,1,0,86,364,0,Censored,Censored
EPM002,EP,1,0,0,162,1,Vehicle,VEHICLE STRIKE
EPM003,EP,1,0,244,284,1,Management,DEPREDATION PERMIT
EPM005,EP,1,0,315,364,0,Censored,Censored
EPM005,EP,1,0,0,364,0,Censored,Censored
EPM005,EP,1,0,0,195,0,Censored,Censored
EPM006,EP,1,0,353,364,0,Censored,Censored
EPM006,EP,1,0,0,364,0,Censored,Censored
EPM006,EP,1,0,0,212,0,Censored,Censored
EPM006,EP,1,1,213,364,0,Censored,Censored
EPM006,EP,1,1,0,172,0,Censored,Censored
EPM009,EP,1,0,112,364,0,Censored,Censored
EPM009,EP,1,0,0,20,1,Management,DEPREDATION PERMIT
EPM010,EP,1,0,106,364,0,Censored,Censored
EPM010,EP,1,0,0,174,0,Censored,Censored
EPM016,EP,1,1,62,201,1,Management,DEPREDATION PERMIT (ALSO SIG WT LOSS - POSSIBLE...
EPM017,EP,1,1,81,364,0,Censored,Censored
EPM017,EP,1,1,0,365,0,Censored,Censored
EPM017,EP,1,1,0,219,1,Unknown,UNKNOWN
EPM022,EP,1,1,31,52,1,Management,DEPREDATION PERMIT
EPM031,EP,1,0,142,276,0,Censored,Censored
EPM032,EP,1,0,142,347,0,Censored,Censored
EPM032,EP,1,1,258,297,1,Management,DEPREDATION
EPM037,EP,1,0,363,364,0,Censored,Censored
EPM037,EP,1,0,0,179,0,Censored,Censored
EPM039,EP,1,1,18,364,0,Censored,Censored
EPM039,EP,1,1,0,175,0,Censored,Censored
EPM040,EP,1,0,67,364,0,Censored,Censored
EPM040,EP,1,0,0,10,0,Censored,Censored
EPM040,EP,1,1,334,365,0,Censored,Censored
EPM040,EP,1,1,0,89,1,Natural (Non-ISA),"DISEASE - FELV, FIV, SALMONELLA SEPSIS"
EPM046,EP,1,1,341,364,0,Censored,Censored
EPM046,EP,1,1,0,140,1,Vehicle,VEHICLE STRIKE
EPM053,EP,1,0,337,365,0,Censored,Censored
EPM053,EP,1,0,0,334,0,Censored,Censored
EPM053,EP,1,1,335,364,0,Censored,Censored
EPM053,EP,1,1,0,309,1,Unknown,UNK
EPM059,EP,1,1,102,297,1,Poached,LIKELY SHOT ILLEGALLY - COLLAR WITH BULLET HOLE...
EPM067,EP,1,1,33,364,0,Censored,Censored
EPM067,EP,1,1,0,79,0,Censored,Censored
EPM107,EP,1,0,50,364,1,Vehicle,VEHICLE STRIKE
EPM108,EP,1,0,84,92,1,Management,DEPREDATION (PERMIT # 4-4-13) TRAPPED BY SHEEP ...
EPM109,EP,1,1,90,364,0,Censored,Censored
EPM109,EP,1,1,0,364,0,Censored,Censored
EPM109,EP,1,1,0,85,1,Unknown,UNKNOWN
EPM110,EP,1,0,126,298,1,Vehicle,VEHICLE STRIKE
EPM120,EP,1,0,322,364,0,Censored,Censored
EPM120,EP,1,0,0,222,0,Censored,Censored
EPM125,EP,1,0,76,364,0,Censored,Censored
EPM125,EP,1,0,0,120,0,Censored,Censored
EPM125,EP,1,1,121,180,0,Censored,Censored
EPM145,EP,1,1,340,364,0,Censored,Censored
EPM145,EP,1,1,0,165,0,Censored,Censored
EPM146,EP,1,1,18,193,0,Censored,Censored
Santa_Ana_Beier10M,Santa_Ana_Beier,1,1,152,258,1,Vehicle,VEHICLE STRIKE
Santa_Ana_Beier11F,Santa_Ana_Beier,0,1,0,24,1,Management,DEPREDATION
Santa_Ana_Beier11M,Santa_Ana_Beier,1,0,0,59,1,Poached,SHOT
Santa_Ana_Beier12M,Santa_Ana_Beier,1,0,0,91,1,Unknown,UNKNOWN
Santa_Ana_Beier13F,Santa_Ana_Beier,0,1,83,282,1,Vehicle,VEHICLE STRIKE
Santa_Ana_Beier17F,Santa_Ana_Beier,0,1,0,6,1,Unknown,UNKNOWN
Santa_Ana_Beier1F,Santa_Ana_Beier,0,1,0,181,1,ISA,ISA
Santa_Ana_Beier1M,Santa_Ana_Beier,1,1,12,36,1,Management,DEPREDATION
Santa_Ana_Beier2F,Santa_Ana_Beier,0,1,0,70,1,Natural (Non-ISA),DISEASE
Santa_Ana_Beier2M,Santa_Ana_Beier,1,1,0,63,1,Management,DEPREDATION
Santa_Ana_Beier3F,Santa_Ana_Beier,0,1,0,361,1,Natural (Non-ISA),DISEASE
Santa_Ana_Beier3M,Santa_Ana_Beier,1,0,0,46,1,Natural (Non-ISA),DISEASE
Santa_Ana_Beier4F,Santa_Ana_Beier,0,1,0,200,1,Natural (Non-ISA),"NATURAL"
Santa_Ana_Beier4M,Santa_Ana_Beier,1,0,155,313,1,Unknown,UNKNOWN
Santa_Ana_Beier5M,Santa_Ana_Beier,1,0,0,264,1,Vehicle,VEHICLE STRIKE
Santa_Ana_Beier6F,Santa_Ana_Beier,0,1,0,143,1,ISA,ISA
Santa_Ana_Beier8F,Santa_Ana_Beier,0,1,148,225,1,Vehicle,VEHICLE STRIKE
Santa_Ana_Beier8M,Santa_Ana_Beier,1,0,0,122,1,Vehicle,VEHICLE STRIKE
Santa_AnaF028,Santa_Ana,0,1,0,96,1,Unknown,UNKNOWN
Santa_AnaF044,Santa_Ana,0,1,0,312,1,Other Human,FIRE
Santa_AnaF045,Santa_Ana,0,1,0,192,1,Poached,KILLED ILLEGALLY
Santa_AnaF050,Santa_Ana,0,1,0,293,1,Vehicle,VEHICLE STRIKE
Santa_AnaF051,Santa_Ana,0,1,91,183,1,Poached,KILLED ILLEGALLY
Santa_AnaF052,Santa_Ana,0,1,0,124,1,Unknown,UNKNOWN
Santa_AnaF089,Santa_Ana,0,1,9,110,1,ISA,ISA
Santa_AnaM026,Santa_Ana,1,0,259,287,1,Poached,KILLED ILLEGALLY
Santa_AnaM056,Santa_Ana,1,0,0,117,1,Management,DEPREDATION
Santa_AnaM057,Santa_Ana,1,1,0,167,1,Vehicle,VEHICLE STRIKE
Santa_AnaM064,Santa_Ana,1,1,0,143,1,Unknown,UNKNOWN
Santa_AnaM091,Santa_Ana,1,0,117,188,1,Vehicle,VEHICLE STRIKE
Santa_AnaM093,Santa_Ana,1,1,60,329,1,Poached,KILLED ILLEGALLY
Santa_AnaFP01,Santa_Ana,0,1,0,230,1,Vehicle,VEHICLE STRIKE
Santa_AnaFP02,Santa_Ana,0,1,0,102,1,Vehicle,VEHICLE STRIKE
Santa_Ana_Beier10F,Santa_Ana_Beier,0,1,41,364,0,Censored,Censored
Santa_Ana_Beier10F,Santa_Ana_Beier,0,1,0,365,0,Censored,Censored
Santa_Ana_Beier10F,Santa_Ana_Beier,0,1,0,364,0,Censored,Censored
Santa_Ana_Beier10F,Santa_Ana_Beier,0,1,0,364,0,Censored,Censored
Santa_Ana_Beier10F,Santa_Ana_Beier,0,1,0,287,0,Censored,Censored
Santa_Ana_Beier10M,Santa_Ana_Beier,1,0,55,364,0,Censored,Censored
Santa_Ana_Beier10M,Santa_Ana_Beier,1,0,0,151,0,Censored,Censored
Santa_Ana_Beier11F,Santa_Ana_Beier,0,1,226,365,0,Censored,Censored
Santa_Ana_Beier11F,Santa_Ana_Beier,0,1,0,364,0,Censored,Censored
Santa_Ana_Beier11F,Santa_Ana_Beier,0,1,0,364,0,Censored,Censored
Santa_Ana_Beier11F,Santa_Ana_Beier,0,1,0,364,0,Censored,Censored
Santa_Ana_Beier11F,Santa_Ana_Beier,0,1,0,365,0,Censored,Censored
Santa_Ana_Beier11M,Santa_Ana_Beier,1,0,123,364,0,Censored,Censored
Santa_Ana_Beier12F,Santa_Ana_Beier,0,1,227,365,0,Censored,Censored
Santa_Ana_Beier12F,Santa_Ana_Beier,0,1,0,364,0,Censored,Censored
Santa_Ana_Beier12F,Santa_Ana_Beier,0,1,0,354,0,Censored,Censored
Santa_Ana_Beier12M,Santa_Ana_Beier,1,0,226,364,0,Censored,Censored
Santa_Ana_Beier13M,Santa_Ana_Beier,1,1,297,364,0,Censored,Censored
Santa_Ana_Beier13M,Santa_Ana_Beier,1,1,0,365,0,Censored,Censored
Santa_Ana_Beier13M,Santa_Ana_Beier,1,1,0,31,0,Censored,Censored
Santa_Ana_Beier15F,Santa_Ana_Beier,0,1,51,364,0,Censored,Censored
Santa_Ana_Beier15F,Santa_Ana_Beier,0,1,0,164,0,Censored,Censored
Santa_Ana_Beier16F,Santa_Ana_Beier,0,1,208,261,0,Censored,Censored
Santa_Ana_Beier17F,Santa_Ana_Beier,0,1,208,364,0,Censored,Censored
Santa_Ana_Beier18F,Santa_Ana_Beier,0,1,208,364,0,Censored,Censored
Santa_Ana_Beier18F,Santa_Ana_Beier,0,1,0,365,0,Censored,Censored
Santa_Ana_Beier18F,Santa_Ana_Beier,0,1,0,31,0,Censored,Censored
Santa_Ana_Beier19F,Santa_Ana_Beier,0,1,219,364,0,Censored,Censored
Santa_Ana_Beier19F,Santa_Ana_Beier,0,1,0,365,0,Censored,Censored
Santa_Ana_Beier19F,Santa_Ana_Beier,0,1,0,31,0,Censored,Censored
Santa_Ana_Beier1F,Santa_Ana_Beier,0,1,303,364,0,Censored,Censored
Santa_Ana_Beier1F,Santa_Ana_Beier,0,1,0,364,0,Censored,Censored
Santa_Ana_Beier1F,Santa_Ana_Beier,0,1,0,365,0,Censored,Censored
Santa_Ana_Beier2F,Santa_Ana_Beier,0,1,308,364,0,Censored,Censored
Santa_Ana_Beier2F,Santa_Ana_Beier,0,1,0,364,0,Censored,Censored
Santa_Ana_Beier2F,Santa_Ana_Beier,0,1,0,365,0,Censored,Censored
Santa_Ana_Beier2F,Santa_Ana_Beier,0,1,0,364,0,Censored,Censored
Santa_Ana_Beier2F,Santa_Ana_Beier,0,1,0,364,0,Censored,Censored
Santa_Ana_Beier2M,Santa_Ana_Beier,1,1,282,364,0,Censored,Censored
Santa_Ana_Beier2M,Santa_Ana_Beier,1,1,0,364,0,Censored,Censored
Santa_Ana_Beier2M,Santa_Ana_Beier,1,1,0,364,0,Censored,Censored
Santa_Ana_Beier3F,Santa_Ana_Beier,0,1,258,364,0,Censored,Censored
Santa_Ana_Beier3F,Santa_Ana_Beier,0,1,0,365,0,Censored,Censored
Santa_Ana_Beier3M,Santa_Ana_Beier,1,0,155,364,0,Censored,Censored
Santa_Ana_Beier4F,Santa_Ana_Beier,0,1,7,365,0,Censored,Censored
Santa_Ana_Beier4F,Santa_Ana_Beier,0,1,0,364,0,Censored,Censored
Santa_Ana_Beier5F,Santa_Ana_Beier,0,1,136,364,0,Censored,Censored
Santa_Ana_Beier5F,Santa_Ana_Beier,0,1,0,364,0,Censored,Censored
Santa_Ana_Beier5F,Santa_Ana_Beier,0,1,0,364,0,Censored,Censored
Santa_Ana_Beier5F,Santa_Ana_Beier,0,1,0,365,0,Censored,Censored
Santa_Ana_Beier5F,Santa_Ana_Beier,0,1,0,31,0,Censored,Censored
Santa_Ana_Beier5M,Santa_Ana_Beier,1,0,214,364,0,Censored,Censored
Santa_Ana_Beier6F,Santa_Ana_Beier,0,1,139,364,0,Censored,Censored
Santa_Ana_Beier6F,Santa_Ana_Beier,0,1,0,364,0,Censored,Censored
Santa_Ana_Beier6F,Santa_Ana_Beier,0,1,0,364,0,Censored,Censored
Santa_Ana_Beier6M,Santa_Ana_Beier,1,1,152,365,0,Censored,Censored
Santa_Ana_Beier6M,Santa_Ana_Beier,1,1,0,31,0,Censored,Censored
Santa_Ana_Beier6M,Santa_Ana_Beier,1,0,238,364,0,Censored,Censored
Santa_Ana_Beier6M,Santa_Ana_Beier,1,0,0,364,0,Censored,Censored
Santa_Ana_Beier6M,Santa_Ana_Beier,1,0,0,151,0,Censored,Censored
Santa_Ana_Beier7F,Santa_Ana_Beier,0,1,146,364,0,Censored,Censored
Santa_Ana_Beier7F,Santa_Ana_Beier,0,1,0,364,0,Censored,Censored
Santa_Ana_Beier7F,Santa_Ana_Beier,0,1,0,364,0,Censored,Censored
Santa_Ana_Beier7F,Santa_Ana_Beier,0,1,0,227,0,Censored,Censored
Santa_Ana_Beier7M,Santa_Ana_Beier,1,1,152,365,0,Censored,Censored
Santa_Ana_Beier7M,Santa_Ana_Beier,1,1,0,31,0,Censored,Censored
Santa_Ana_Beier7M,Santa_Ana_Beier,1,0,295,364,0,Censored,Censored
Santa_Ana_Beier7M,Santa_Ana_Beier,1,0,0,364,0,Censored,Censored
Santa_Ana_Beier7M,Santa_Ana_Beier,1,0,0,151,0,Censored,Censored
Santa_Ana_Beier8M,Santa_Ana_Beier,1,0,301,364,0,Censored,Censored
Santa_Ana_Beier9F,Santa_Ana_Beier,0,1,289,364,0,Censored,Censored
Santa_Ana_Beier9F,Santa_Ana_Beier,0,1,0,196,0,Censored,Censored
Santa_Ana_Beier9M,Santa_Ana_Beier,1,1,47,364,0,Censored,Censored
Santa_Ana_Beier9M,Santa_Ana_Beier,1,1,0,365,0,Censored,Censored
Santa_Ana_Beier9M,Santa_Ana_Beier,1,1,0,31,0,Censored,Censored
Santa_AnaF028,Santa_Ana,0,1,60,188,0,Censored,Censored
Santa_AnaF028,Santa_Ana,0,1,261,364,0,Censored,Censored
Santa_AnaF044,Santa_Ana,0,1,335,364,0,Censored,Censored
Santa_AnaF044,Santa_Ana,0,0,271,334,0,Censored,Censored
Santa_AnaF045,Santa_Ana,0,1,290,364,0,Censored,Censored
Santa_AnaF045,Santa_Ana,0,1,0,28,0,Censored,Censored
Santa_AnaF045,Santa_Ana,0,1,326,364,0,Censored,Censored
Santa_AnaF050,Santa_Ana,0,1,306,365,0,Censored,Censored
Santa_AnaF051,Santa_Ana,0,0,262,364,0,Censored,Censored
Santa_AnaF051,Santa_Ana,0,0,0,90,0,Censored,Censored
Santa_AnaF052,Santa_Ana,0,1,321,365,0,Censored,Censored
Santa_AnaF055,Santa_Ana,0,1,348,365,0,Censored,Censored
Santa_AnaF055,Santa_Ana,0,1,0,262,0,Censored,Censored
Santa_AnaF061,Santa_Ana,0,1,244,364,0,Censored,Censored
Santa_AnaF061,Santa_Ana,0,1,0,364,0,Censored,Censored
Santa_AnaF061,Santa_Ana,0,1,0,326,0,Censored,Censored
Santa_AnaF061,Santa_Ana,0,0,130,243,0,Censored,Censored
Santa_AnaF062,Santa_Ana,0,1,120,235,0,Censored,Censored
Santa_AnaF062,Santa_Ana,0,1,18,48,0,Censored,Censored
Santa_AnaF062,Santa_Ana,0,0,279,364,0,Censored,Censored
Santa_AnaF062,Santa_Ana,0,0,0,120,0,Censored,Censored
Santa_AnaF085,Santa_Ana,0,0,297,364,0,Censored,Censored
Santa_AnaF085,Santa_Ana,0,0,0,2,0,Censored,Censored
Santa_AnaF089,Santa_Ana,0,1,36,77,0,Censored,Censored
Santa_AnaF090,Santa_Ana,0,1,40,61,0,Censored,Censored
Santa_AnaF090,Santa_Ana,0,1,354,364,0,Censored,Censored
Santa_AnaF090,Santa_Ana,0,1,0,210,0,Censored,Censored
Santa_AnaF092,Santa_Ana,0,1,35,311,0,Censored,Censored
Santa_AnaF092,Santa_Ana,0,0,57,86,0,Censored,Censored
Santa_AnaF095,Santa_Ana,0,1,306,365,0,Censored,Censored
Santa_AnaF095,Santa_Ana,0,1,0,71,0,Censored,Censored
Santa_AnaF095,Santa_Ana,0,0,109,305,0,Censored,Censored
Santa_AnaF121,Santa_Ana,0,1,60,73,0,Censored,Censored
Santa_AnaF121,Santa_Ana,0,1,311,364,0,Censored,Censored
Santa_AnaF121,Santa_Ana,0,1,0,129,0,Censored,Censored
Santa_AnaF121,Santa_Ana,0,0,339,364,0,Censored,Censored
Santa_AnaF121,Santa_Ana,0,0,0,59,0,Censored,Censored
Santa_AnaF126,Santa_Ana,0,1,152,364,0,Censored,Censored
Santa_AnaF126,Santa_Ana,0,1,0,5,0,Censored,Censored
Santa_AnaF126,Santa_Ana,0,0,313,364,0,Censored,Censored
Santa_AnaF126,Santa_Ana,0,0,0,151,0,Censored,Censored
Santa_AnaM026,Santa_Ana,1,0,59,255,0,Censored,Censored
Santa_AnaM027,Santa_Ana,1,0,59,364,0,Censored,Censored
Santa_AnaM027,Santa_Ana,1,0,0,64,0,Censored,Censored
Santa_AnaM027,Santa_Ana,1,0,197,364,0,Censored,Censored
Santa_AnaM027,Santa_Ana,1,0,0,106,0,Censored,Censored
Santa_AnaM056,Santa_Ana,1,0,292,364,0,Censored,Censored
Santa_AnaM057,Santa_Ana,1,0,16,46,0,Censored,Censored
Santa_AnaM057,Santa_Ana,1,0,95,364,0,Censored,Censored
Santa_AnaM058,Santa_Ana,1,1,19,297,0,Censored,Censored
Santa_AnaM060,Santa_Ana,1,0,103,350,0,Censored,Censored
Santa_AnaM063,Santa_Ana,1,0,326,364,0,Censored,Censored
Santa_AnaM063,Santa_Ana,1,0,0,14,0,Censored,Censored
Santa_AnaM064,Santa_Ana,1,1,109,364,0,Censored,Censored
Santa_AnaM086,Santa_Ana,1,1,318,364,0,Censored,Censored
Santa_AnaM086,Santa_Ana,1,1,0,12,0,Censored,Censored
Santa_AnaM087,Santa_Ana,1,1,345,364,0,Censored,Censored
Santa_AnaM087,Santa_Ana,1,1,0,12,0,Censored,Censored
Santa_AnaM091,Santa_Ana,1,0,57,106,0,Censored,Censored
Santa_AnaM093,Santa_Ana,1,0,57,365,0,Censored,Censored
Santa_AnaM093,Santa_Ana,1,0,0,143,0,Censored,Censored
Santa_AnaM093,Santa_Ana,1,0,51,59,0,Censored,Censored
Santa_AnaM096,Santa_Ana,1,1,110,144,0,Censored,Censored
Santa_AnaM106,Santa_Ana,1,1,48,364,0,Censored,Censored
Santa_AnaM106,Santa_Ana,1,1,0,48,0,Censored,Censored
Santa_AnaM118,Santa_Ana,1,0,314,364,0,Censored,Censored
Santa_AnaM118,Santa_Ana,1,0,0,364,0,Censored,Censored
Santa_AnaM118,Santa_Ana,1,0,0,93,0,Censored,Censored
Santa_AnaM119,Santa_Ana,1,1,317,364,0,Censored,Censored
Santa_AnaM119,Santa_Ana,1,1,0,115,0,Censored,Censored
Santa_AnaM122,Santa_Ana,1,0,49,364,0,Censored,Censored
Santa_AnaM122,Santa_Ana,1,0,0,50,0,Censored,Censored
Santa_AnaM122,Santa_Ana,1,0,107,289,0,Censored,Censored
Santa_AnaFP01,Santa_Ana,0,1,273,364,0,Censored,Censored
Santa_AnaFP02,Santa_Ana,0,1,182,365,0,Censored,Censored
Santa_AnaFP03,Santa_Ana,0,1,335,365,0,Censored,Censored
Santa_AnaFP03,Santa_Ana,0,1,0,304,0,Censored,Censored
LAP001,LA,1,1,199,364,0,Censored,Censored
LAP001,LA,1,1,0,364,0,Censored,Censored
LAP001,LA,1,1,0,365,0,Censored,Censored
LAP001,LA,1,1,0,263,0,Censored,Censored
LAP001,LA,1,1,197,364,0,Censored,Censored
LAP001,LA,1,1,0,185,0,Censored,Censored
LAP002,LA,0,1,295,364,0,Censored,Censored
LAP002,LA,0,1,0,364,0,Censored,Censored
LAP002,LA,0,1,0,365,0,Censored,Censored
LAP002,LA,0,1,0,223,1,ISA,ISA
LAP003,LA,1,0,170,364,0,Censored,Censored
LAP003,LA,1,0,0,170,0,Censored,Censored
LAP003,LA,1,1,171,319,1,Other Human,TOXICOSIS
LAP004,LA,0,1,29,290,1,Other Human,TOXICOSIS
LAP005,LA,1,0,295,364,0,Censored,Censored
LAP005,LA,1,0,0,250,1,ISA,ISA
LAP006,LA,0,0,295,364,0,Censored,Censored
LAP006,LA,0,0,0,264,0,Censored,Censored
LAP006,LA,0,1,265,364,0,Censored,Censored
LAP006,LA,0,1,0,221,0,Censored,Censored
LAP007,LA,0,0,295,364,0,Censored,Censored
LAP007,LA,0,0,0,177,1,ISA,ISA
LAP008,LA,1,0,295,364,0,Censored,Censored
LAP008,LA,1,0,0,267,1,ISA,ISA
LAP009,LA,1,1,134,211,1,Vehicle,HBC
LAP010,LA,1,0,43,181,1,Unknown,UNK
LAP011,LA,1,0,45,280,0,Censored,Censored
LAP012,LA,1,0,341,365,0,Censored,Censored
LAP012,LA,1,0,0,364,0,Censored,Censored
LAP012,LA,1,0,0,125,0,Censored,Censored
LAP012,LA,1,1,126,318,0,Censored,Censored
LAP013,LA,0,0,211,364,0,Censored,Censored
LAP013,LA,0,0,0,180,0,Censored,Censored
LAP013,LA,0,1,181,278,0,Censored,Censored
LAP013,LA,0,1,351,364,0,Censored,Censored
LAP013,LA,0,1,0,365,0,Censored,Censored
LAP013,LA,0,1,0,364,0,Censored,Censored
LAP013,LA,0,1,0,89,0,Censored,Censored
LAP014,LA,1,0,240,364,0,Censored,Censored
LAP014,LA,1,0,0,364,0,Censored,Censored
LAP014,LA,1,0,0,101,1,ISA,ISA
LAP015,LA,1,1,312,364,0,Censored,Censored
LAP015,LA,1,1,0,364,0,Censored,Censored
LAP015,LA,1,1,0,236,1,Poached,POACHED
LAP016,LA,1,0,130,283,0,Censored,Censored
LAP016,LA,1,1,0,364,0,Censored,Censored
LAP016,LA,1,1,0,365,0,Censored,Censored
LAP016,LA,1,1,0,364,0,Censored,Censored
LAP016,LA,1,1,0,27,0,Censored,Censored
LAP018,LA,1,0,207,241,1,Vehicle,HBC
LAP019,LA,0,0,185,364,0,Censored,Censored
LAP019,LA,0,0,0,155,0,Censored,Censored
LAP019,LA,0,1,156,365,0,Censored,Censored
LAP019,LA,0,1,0,364,0,Censored,Censored
LAP019,LA,0,1,0,364,0,Censored,Censored
LAP019,LA,0,1,0,364,0,Censored,Censored
LAP019,LA,0,1,0,365,0,Censored,Censored
LAP019,LA,0,1,0,364,0,Censored,Censored
LAP019,LA,0,1,0,364,0,Censored,Censored
LAP019,LA,0,1,0,364,0,Censored,Censored
LAP019,LA,0,1,0,196,0,Censored,Censored
LAP020,LA,1,0,301,316,1,ISA,ISA
LAP021,LA,1,1,154,364,0,Censored,Censored
LAP021,LA,1,1,0,365,0,Censored,Censored
LAP021,LA,1,1,0,239,0,Censored,Censored
LAP022,LA,1,0,58,209,0,Censored,Censored
LAP022,LA,1,1,210,365,0,Censored,Censored
LAP022,LA,1,1,0,364,0,Censored,Censored
LAP022,LA,1,1,0,273,0,Censored,Censored
LAP022,LA,1,1,0,365,0,Censored,Censored
LAP022,LA,1,1,0,364,0,Censored,Censored
LAP022,LA,1,1,0,364,0,Censored,Censored
LAP022,LA,1,1,0,364,0,Censored,Censored
LAP022,LA,1,1,0,196,0,Censored,Censored
LAP023,LA,0,0,214,364,0,Censored,Censored
LAP023,LA,0,0,0,183,0,Censored,Censored
LAP023,LA,0,1,183,364,0,Censored,Censored
LAP023,LA,0,1,0,364,0,Censored,Censored
LAP023,LA,0,1,0,365,0,Censored,Censored
LAP023,LA,0,1,0,364,0,Censored,Censored
LAP023,LA,0,1,0,28,1,Vehicle,HBC
LAP024,LA,1,0,214,334,0,Censored,Censored
LAP025,LA,0,0,214,295,1,Unknown,UNK
LAP026,LA,1,0,276,365,0,Censored,Censored
LAP026,LA,1,0,0,71,0,Censored,Censored
LAP027,LA,1,1,106,364,0,Censored,Censored
LAP027,LA,1,1,0,364,0,Censored,Censored
LAP027,LA,1,1,0,364,0,Censored,Censored
LAP027,LA,1,1,0,365,0,Censored,Censored
LAP027,LA,1,1,0,261,1,Unknown,UNK
LAP028,LA,0,0,173,273,0,Censored,Censored
LAP030,LA,1,0,173,313,0,Censored,Censored
LAP030,LA,1,0,52,295,0,Censored,Censored
LAP030,LA,1,1,296,365,0,Censored,Censored
LAP030,LA,1,1,0,364,0,Censored,Censored
LAP030,LA,1,1,0,364,0,Censored,Censored
LAP030,LA,1,1,0,252,1,Other Human,ANTICOAG
LAP032,LA,1,0,354,364,0,Censored,Censored
LAP032,LA,1,0,0,92,0,Censored,Censored
LAP032,LA,1,0,93,221,1,Vehicle,HBC
LAP033,LA,0,0,48,66,0,Censored,Censored
LAP033,LA,0,0,67,330,0,Censored,Censored
LAP033,LA,0,1,331,364,0,Censored,Censored
LAP033,LA,0,1,0,365,0,Censored,Censored
LAP033,LA,0,1,0,364,0,Censored,Censored
LAP033,LA,0,1,0,213,1,Unknown,UNK
LAP034,LA,0,0,354,364,0,Censored,Censored
LAP034,LA,0,0,0,272,1,Other Human,ANTICOAG
LAP035,LA,0,1,104,364,0,Censored,Censored
LAP035,LA,0,1,0,364,0,Censored,Censored
LAP035,LA,0,1,0,365,0,Censored,Censored
LAP035,LA,0,1,0,120,0,Censored,Censored
LAP038,LA,1,1,80,364,0,Censored,Censored
LAP038,LA,1,1,0,365,0,Censored,Censored
LAP038,LA,1,1,0,364,0,Censored,Censored
LAP038,LA,1,1,0,364,0,Censored,Censored
LAP038,LA,1,1,0,181,1,Poached,POACHED
LAP039,LA,0,1,98,364,0,Censored,Censored
LAP039,LA,0,1,0,337,1,Vehicle,HBC
LAP041,LA,1,1,126,364,0,Censored,Censored
LAP041,LA,1,1,0,365,0,Censored,Censored
LAP041,LA,1,1,0,195,0,Censored,Censored
LAP042,LA,0,0,194,364,0,Censored,Censored
LAP042,LA,0,0,0,134,0,Censored,Censored
LAP042,LA,0,1,135,365,0,Censored,Censored
LAP042,LA,0,1,0,364,0,Censored,Censored
LAP042,LA,0,1,0,364,0,Censored,Censored
LAP042,LA,0,1,0,290,0,Censored,Censored
LAP045,LA,1,1,325,364,0,Censored,Censored
LAP045,LA,1,1,0,365,0,Censored,Censored
LAP045,LA,1,1,0,364,0,Censored,Censored
LAP045,LA,1,1,0,51,0,Censored,Censored
LAP047,LA,1,0,84,364,0,Censored,Censored
LAP047,LA,1,0,0,364,0,Censored,Censored
LAP047,LA,1,1,0,76,1,Other Human,ANTICOAG
LAP053,LA,0,0,202,365,0,Censored,Censored
LAP053,LA,0,0,0,247,0,Censored,Censored
LAP053,LA,0,1,248,364,0,Censored,Censored
LAP053,LA,0,1,0,364,0,Censored,Censored
LAP053,LA,0,1,0,226,1,Unknown,UNK
LAP054,LA,0,0,28,364,0,Censored,Censored
LAP054,LA,0,0,0,25,0,Censored,Censored
LAP054,LA,0,1,26,364,0,Censored,Censored
LAP054,LA,0,1,0,196,0,Censored,Censored
LAP055,LA,1,0,93,364,0,Censored,Censored
LAP055,LA,1,0,0,158,1,Unknown,UNK
LAP056,LA,1,0,93,364,0,Censored,Censored
LAP056,LA,1,0,0,279,0,Censored,Censored
LAP056,LA,1,1,280,364,0,Censored,Censored
LAP056,LA,1,1,0,364,0,Censored,Censored
LAP056,LA,1,1,0,26,1,Management,DEPRED
LAP061,LA,1,0,291,364,0,Censored,Censored
LAP061,LA,1,0,0,364,0,Censored,Censored
LAP061,LA,1,0,0,129,0,Censored,Censored
LAP061,LA,1,1,130,198,0,Censored,Censored
LAP061,LA,1,1,199,249,1,Vehicle,HBC
LAP062,LA,0,1,17,227,0,Censored,Censored
LAP062,LA,0,1,192,364,0,Censored,Censored
LAP062,LA,0,1,0,196,0,Censored,Censored
LAP063,LA,1,0,17,364,0,Censored,Censored
LAP063,LA,1,0,0,364,0,Censored,Censored
LAP063,LA,1,0,0,108,0,Censored,Censored
LAP063,LA,1,1,109,196,0,Censored,Censored
LAP064,LA,1,1,58,334,1,Other Human,STARVATIONFOLLOWINGBURNEDPAWS
LAP065,LA,0,0,71,285,0,Censored,Censored
LAP065,LA,0,1,286,364,0,Censored,Censored
LAP065,LA,0,1,0,364,0,Censored,Censored
LAP065,LA,0,1,0,196,0,Censored,Censored
LAP075,LA,0,0,174,364,0,Censored,Censored
LAP075,LA,0,0,0,196,0,Censored,Censored
LAP076,LA,1,1,311,364,0,Censored,Censored
LAP076,LA,1,1,0,29,1,Other Human,ANTICOAG
LAP077,LA,0,1,316,364,0,Censored,Censored
LAP077,LA,0,1,0,196,0,Censored,Censored
LAP078,LA,1,0,344,364,0,Censored,Censored
LAP078,LA,1,0,0,196,0,Censored,Censored
LAP079,LA,1,0,345,364,0,Censored,Censored
LAP079,LA,1,0,0,88,0,Censored,Censored
LAP080,LA,0,1,10,196,0,Censored,Censored
LAP081,LA,1,0,63,196,0,Censored,Censored
LAP067,LA,0,0,192,364,0,Censored,Censored
LAP067,LA,0,0,0,163,0,Censored,Censored
LAP067,LA,0,1,164,188,1,Unknown,UNK
