ID,Study,Male,Adult,enter,exit,event,cause,COD,Cluster
ACRP1,ACR,0,1,273,365,0,Censored,Censored,1
ACRP1,ACR,0,1,0,364,0,Censored,Censored,1
ACRP1,ACR,0,1,0,364,0,Censored,Censored,1
ACRP1,ACR,0,1,0,274,0,Censored,Censored,1
ACRP10,ACR,0,1,126,142,0,Censored,Censored,1
ACRP11,ACR,0,1,268,364,0,Censored,Censored,1
ACRP11,ACR,0,1,0,275,0,Censored,Censored,1
ACRP12,ACR,0,1,311,364,0,Censored,Censored,1
ACRP12,ACR,0,1,0,152,0,Censored,Censored,1
ACRP13,ACR,1,1,347,364,0,Censored,Censored,1
ACRP13,ACR,1,1,0,275,0,Censored,Censored,1
ACRP14,ACR,1,0,0,209,1,Management,DEPREDATION,1
ACRP15,ACR,1,0,35,38,1,Management,DEPREDATION,1
ACRP16,ACR,0,1,75,174,0,Censored,Censored,1
ACRP17,ACR,0,0,82,281,0,Censored,Censored,1
ACRP19,ACR,1,0,247,364,0,Censored,Censored,1
ACRP19,ACR,1,0,0,52,0,Censored,Censored,1
ACRP2,ACR,0,0,317,365,0,Censored,Censored,1
ACRP2,ACR,0,0,0,244,0,Censored,Censored,1
ACRP2,ACR,0,1,238,286,0,Censored,Censored,1
ACRP21,ACR,1,1,35,51,1,Management,DEPREDATION,1
ACRP4,ACR,0,1,50,211,0,Censored,Censored,1
ACRP4,ACR,0,1,116,364,0,Censored,Censored,1
ACRP4,ACR,0,1,0,274,0,Censored,Censored,1
ACRP5,ACR,1,1,91,364,0,Censored,Censored,1
ACRP5,ACR,1,1,0,364,0,Censored,Censored,1
ACRP5,ACR,1,1,0,275,0,Censored,Censored,1
ACRP6,ACR,0,0,59,204,1,Management,DEPREDATION,1
ACRP9,ACR,0,1,56,364,0,Censored,Censored,1
ACRP9,ACR,0,1,0,8,1,Natural (Non-ISA),NATURAL CAUSE,1
Central_CoastSF1,Central_Coast,0,1,336,364,0,Censored,Censored,2
Central_CoastSF1,Central_Coast,0,1,0,364,0,Censored,Censored,2
Central_CoastSF1,Central_Coast,0,1,0,139,0,Censored,Censored,2
Central_CoastSF2,Central_Coast,0,1,26,364,0,Censored,Censored,2
Central_CoastSF2,Central_Coast,0,1,0,148,1,Unknown,UNKNOWN,2
Central_CoastSF3,Central_Coast,0,1,26,364,0,Censored,Censored,2
Central_CoastSF3,Central_Coast,0,1,0,15,0,Censored,Censored,2
Central_CoastSF4,Central_Coast,0,1,51,364,0,Censored,Censored,2
Central_CoastSF4,Central_Coast,0,1,0,137,0,Censored,Censored,2
Central_CoastSF5,Central_Coast,0,1,98,309,0,Censored,Censored,2
Central_CoastSM1,Central_Coast,1,1,18,364,0,Censored,Censored,2
Central_CoastSM1,Central_Coast,1,1,0,76,1,Vehicle,HIT BY CAR,2
Central_CoastSM2,Central_Coast,1,1,110,164,1,Management,DEPREDATION,2
Central_CoastSM3,Central_Coast,1,1,341,364,0,Censored,Censored,2
Central_CoastSM3,Central_Coast,1,1,0,364,0,Censored,Censored,2
Central_CoastSM3,Central_Coast,1,1,0,141,0,Censored,Censored,2
Central_CoastSM4,Central_Coast,1,1,9,364,0,Censored,Censored,2
Central_CoastSM4,Central_Coast,1,1,0,141,0,Censored,Censored,2
Central_CoastSM5,Central_Coast,1,1,56,60,0,Censored,Censored,2
Eastern_Sierra102,Eastern_Sierra,1,1,255,364,0,Censored,Censored,3
Eastern_Sierra102,Eastern_Sierra,1,1,0,45,1,ISA,PREDATION,3
Eastern_Sierra103,Eastern_Sierra,1,1,32,323,0,Censored,Censored,3
Eastern_Sierra105,Eastern_Sierra,0,1,101,306,0,Censored,Censored,3
Eastern_Sierra105,Eastern_Sierra,0,1,8,364,0,Censored,Censored,3
Eastern_Sierra105,Eastern_Sierra,0,1,0,364,0,Censored,Censored,3
Eastern_Sierra105,Eastern_Sierra,0,1,0,64,1,Management,SNBS,3
Eastern_Sierra106,Eastern_Sierra,0,1,116,365,0,Censored,Censored,3
Eastern_Sierra106,Eastern_Sierra,0,1,0,184,0,Censored,Censored,3
Eastern_Sierra108,Eastern_Sierra,0,1,177,297,0,Censored,Censored,3
Eastern_Sierra109,Eastern_Sierra,0,1,32,364,0,Censored,Censored,3
Eastern_Sierra109,Eastern_Sierra,0,1,0,111,0,Censored,Censored,3
Eastern_Sierra111,Eastern_Sierra,1,1,262,365,0,Censored,Censored,3
Eastern_Sierra111,Eastern_Sierra,1,1,0,364,0,Censored,Censored,3
Eastern_Sierra111,Eastern_Sierra,1,1,0,364,0,Censored,Censored,3
Eastern_Sierra111,Eastern_Sierra,1,1,0,213,0,Censored,Censored,3
Eastern_Sierra113,Eastern_Sierra,1,0,164,364,0,Censored,Censored,3
Eastern_Sierra113,Eastern_Sierra,1,0,0,188,0,Censored,Censored,3
Eastern_Sierra113,Eastern_Sierra,1,1,182,213,0,Censored,Censored,3
Eastern_Sierra114,Eastern_Sierra,0,1,43,364,0,Censored,Censored,3
Eastern_Sierra114,Eastern_Sierra,0,1,0,48,1,Management,SNBS,3
Eastern_Sierra119,Eastern_Sierra,0,0,312,364,0,Censored,Censored,3
Eastern_Sierra119,Eastern_Sierra,0,0,0,31,1,Management,DEPREDATION,3
Eastern_Sierra120,Eastern_Sierra,0,0,143,213,0,Censored,Censored,3
Eastern_Sierra121,Eastern_Sierra,0,0,309,355,1,Natural (Non-ISA),STARVED,3
Eastern_Sierra124,Eastern_Sierra,0,1,70,271,0,Censored,Censored,3
Eastern_Sierra128,Eastern_Sierra,1,0,193,364,0,Censored,Censored,3
Eastern_Sierra128,Eastern_Sierra,1,0,0,11,1,Unknown,UNKNOWN,3
Eastern_Sierra129,Eastern_Sierra,0,1,175,364,0,Censored,Censored,3
Eastern_Sierra129,Eastern_Sierra,0,1,0,64,1,Management,DEPREDATION,3
Eastern_Sierra130,Eastern_Sierra,0,1,194,364,0,Censored,Censored,3
Eastern_Sierra130,Eastern_Sierra,0,1,0,293,0,Censored,Censored,3
Eastern_Sierra130,Eastern_Sierra,0,1,295,364,0,Censored,Censored,3
Eastern_Sierra130,Eastern_Sierra,0,1,0,321,1,Natural (Non-ISA),STARVED,3
Eastern_Sierra133,Eastern_Sierra,0,1,52,364,0,Censored,Censored,3
Eastern_Sierra133,Eastern_Sierra,0,1,0,69,0,Censored,Censored,3
Eastern_Sierra140,Eastern_Sierra,1,0,77,342,1,Vehicle,ROAD-KILL,3
Eastern_Sierra141,Eastern_Sierra,0,1,84,364,0,Censored,Censored,3
Eastern_Sierra141,Eastern_Sierra,0,1,0,163,0,Censored,Censored,3
Eastern_Sierra143,Eastern_Sierra,0,1,238,365,0,Censored,Censored,3
Eastern_Sierra143,Eastern_Sierra,0,1,0,95,1,Management,SNBS,3
Eastern_Sierra144,Eastern_Sierra,1,1,280,364,0,Censored,Censored,3
Eastern_Sierra144,Eastern_Sierra,1,1,0,364,0,Censored,Censored,3
Eastern_Sierra144,Eastern_Sierra,1,1,0,27,1,ISA,PREDATION,3
Eastern_Sierra145,Eastern_Sierra,1,1,294,364,0,Censored,Censored,3
Eastern_Sierra145,Eastern_Sierra,1,1,0,107,0,Censored,Censored,3
Eastern_Sierra146,Eastern_Sierra,0,0,33,188,0,Censored,Censored,3
Eastern_Sierra146,Eastern_Sierra,0,1,182,260,1,Vehicle,ROAD-KILL,3
Eastern_Sierra147,Eastern_Sierra,1,1,64,364,0,Censored,Censored,3
Eastern_Sierra147,Eastern_Sierra,1,1,0,364,0,Censored,Censored,3
Eastern_Sierra147,Eastern_Sierra,1,1,0,146,0,Censored,Censored,3
Eastern_Sierra148,Eastern_Sierra,1,1,88,364,0,Censored,Censored,3
Eastern_Sierra148,Eastern_Sierra,1,1,0,45,0,Censored,Censored,3
Eastern_Sierra149,Eastern_Sierra,1,1,102,113,0,Censored,Censored,3
Eastern_Sierra154,Eastern_Sierra,1,0,252,364,0,Censored,Censored,3
Eastern_Sierra154,Eastern_Sierra,1,0,0,364,0,Censored,Censored,3
Eastern_Sierra154,Eastern_Sierra,1,0,0,146,0,Censored,Censored,3
Eastern_Sierra155,Eastern_Sierra,0,0,275,364,0,Censored,Censored,3
Eastern_Sierra155,Eastern_Sierra,0,0,0,167,0,Censored,Censored,3
Eastern_Sierra155,Eastern_Sierra,0,1,189,328,0,Censored,Censored,3
Eastern_Sierra156,Eastern_Sierra,1,0,303,325,0,Censored,Censored,3
Eastern_Sierra157,Eastern_Sierra,0,1,303,364,0,Censored,Censored,3
Eastern_Sierra157,Eastern_Sierra,0,1,0,364,0,Censored,Censored,3
Eastern_Sierra157,Eastern_Sierra,0,1,0,148,0,Censored,Censored,3
Eastern_Sierra158,Eastern_Sierra,0,1,315,364,0,Censored,Censored,3
Eastern_Sierra158,Eastern_Sierra,0,1,0,364,0,Censored,Censored,3
Eastern_Sierra158,Eastern_Sierra,0,1,0,148,0,Censored,Censored,3
Eastern_Sierra159,Eastern_Sierra,0,1,319,364,0,Censored,Censored,3
Eastern_Sierra159,Eastern_Sierra,0,1,0,364,0,Censored,Censored,3
Eastern_Sierra159,Eastern_Sierra,0,1,0,148,0,Censored,Censored,3
Eastern_Sierra164,Eastern_Sierra,0,1,92,364,0,Censored,Censored,3
Eastern_Sierra165,Eastern_Sierra,1,0,98,364,0,Censored,Censored,3
Eastern_Sierra165,Eastern_Sierra,1,0,0,145,0,Censored,Censored,3
Eastern_Sierra166,Eastern_Sierra,1,0,144,358,0,Censored,Censored,3
Eastern_Sierra166,Eastern_Sierra,1,0,7,146,0,Censored,Censored,3
Eastern_Sierra167,Eastern_Sierra,0,1,154,364,0,Censored,Censored,3
Eastern_Sierra167,Eastern_Sierra,0,1,0,141,0,Censored,Censored,3
Eastern_Sierra168,Eastern_Sierra,0,1,155,302,0,Censored,Censored,3
Eastern_Sierra168,Eastern_Sierra,0,1,79,148,0,Censored,Censored,3
Eastern_Sierra169,Eastern_Sierra,1,0,175,271,1,Vehicle,ROAD-KILL,3
Eastern_Sierra172,Eastern_Sierra,0,1,9,146,0,Censored,Censored,3
Eastern_Sierra173,Eastern_Sierra,0,0,24,148,0,Censored,Censored,3
Eastern_Sierra174,Eastern_Sierra,1,0,29,148,0,Censored,Censored,3
Eastern_Sierra175,Eastern_Sierra,0,0,29,145,0,Censored,Censored,3
Eastern_Sierra176,Eastern_Sierra,1,1,71,148,0,Censored,Censored,3
Eastern_Sierra178,Eastern_Sierra,0,1,102,146,0,Censored,Censored,3
Eastern_Sierra179,Eastern_Sierra,1,1,119,127,0,Censored,Censored,3
Eastern_Sierra180,Eastern_Sierra,0,1,124,145,0,Censored,Censored,3
Eastern_Sierra181,Eastern_Sierra,1,1,128,148,0,Censored,Censored,3
Eastern_Sierra27,Eastern_Sierra,0,1,63,364,0,Censored,Censored,3
Eastern_Sierra27,Eastern_Sierra,0,1,0,364,0,Censored,Censored,3
Eastern_Sierra27,Eastern_Sierra,0,1,0,365,0,Censored,Censored,3
Eastern_Sierra27,Eastern_Sierra,0,1,0,233,0,Censored,Censored,3
Eastern_Sierra27,Eastern_Sierra,0,1,107,187,0,Censored,Censored,3
Eastern_Sierra44,Eastern_Sierra,1,1,282,364,0,Censored,Censored,3
Eastern_Sierra44,Eastern_Sierra,1,1,0,239,1,Management,SNBS,3
Eastern_Sierra46,Eastern_Sierra,1,1,252,337,0,Censored,Censored,3
Eastern_Sierra53,Eastern_Sierra,0,1,122,364,0,Censored,Censored,3
Eastern_Sierra53,Eastern_Sierra,0,1,0,364,0,Censored,Censored,3
Eastern_Sierra53,Eastern_Sierra,0,1,0,40,1,Management,DEPREDATION,3
Eastern_Sierra63,Eastern_Sierra,0,1,77,364,0,Censored,Censored,3
Eastern_Sierra63,Eastern_Sierra,0,1,0,194,0,Censored,Censored,3
Eastern_Sierra66,Eastern_Sierra,1,1,297,364,0,Censored,Censored,3
Eastern_Sierra66,Eastern_Sierra,1,1,0,345,0,Censored,Censored,3
Eastern_Sierra66,Eastern_Sierra,1,1,43,90,1,Management,SNBS,3
Eastern_Sierra67,Eastern_Sierra,0,0,361,364,0,Censored,Censored,3
Eastern_Sierra67,Eastern_Sierra,0,0,0,82,0,Censored,Censored,3
Eastern_Sierra68,Eastern_Sierra,1,0,7,113,0,Censored,Censored,3
Eastern_Sierra69,Eastern_Sierra,0,1,52,147,0,Censored,Censored,3
Eastern_Sierra69,Eastern_Sierra,0,1,322,365,0,Censored,Censored,3
Eastern_Sierra69,Eastern_Sierra,0,1,0,129,0,Censored,Censored,3
Eastern_Sierra75,Eastern_Sierra,0,0,49,188,0,Censored,Censored,3
Eastern_Sierra75,Eastern_Sierra,0,1,182,365,0,Censored,Censored,3
Eastern_Sierra75,Eastern_Sierra,0,1,0,325,1,Unknown,UNKNOWN,3
Eastern_Sierra79,Eastern_Sierra,0,0,82,261,0,Censored,Censored,3
Eastern_Sierra79,Eastern_Sierra,0,1,14,73,1,Management,SNBS,3
Eastern_Sierra80,Eastern_Sierra,1,1,15,165,0,Censored,Censored,3
Eastern_Sierra80,Eastern_Sierra,1,1,53,85,0,Censored,Censored,3
Eastern_Sierra84,Eastern_Sierra,0,1,280,335,0,Censored,Censored,3
Eastern_Sierra84,Eastern_Sierra,0,1,2,117,0,Censored,Censored,3
Eastern_Sierra85,Eastern_Sierra,1,1,324,365,0,Censored,Censored,3
Eastern_Sierra85,Eastern_Sierra,1,1,0,362,0,Censored,Censored,3
Eastern_Sierra86,Eastern_Sierra,1,1,101,342,0,Censored,Censored,3
Eastern_Sierra86,Eastern_Sierra,1,1,95,364,0,Censored,Censored,3
Eastern_Sierra86,Eastern_Sierra,1,1,161,267,1,Unknown,UNKNOWN,3
Eastern_Sierra88,Eastern_Sierra,1,1,263,274,0,Censored,Censored,3
Eastern_Sierra93,Eastern_Sierra,0,1,37,365,0,Censored,Censored,3
Eastern_Sierra93,Eastern_Sierra,0,1,0,15,0,Censored,Censored,3
Eastern_Sierra94,Eastern_Sierra,0,1,7,92,1,Management,SNBS,3
Eastern_Sierra95,Eastern_Sierra,1,1,89,364,0,Censored,Censored,3
Eastern_Sierra95,Eastern_Sierra,1,1,0,68,0,Censored,Censored,3
EPF007,EP,0,1,15,364,0,Censored,Censored,2
EPF007,EP,0,1,0,38,1,Unknown,UNKNOWN,2
EPF008,EP,0,0,66,272,0,Censored,Censored,2
EPF008,EP,0,1,273,340,0,Censored,Censored,2
EPF013,EP,0,1,295,364,0,Censored,Censored,2
EPF013,EP,0,1,0,132,1,ISA,PREDATION - BY LION,2
EPF014,EP,0,1,33,364,0,Censored,Censored,2
EPF014,EP,0,1,0,89,0,Censored,Censored,2
EPF014,EP,0,1,8,22,1,Management,DEPREDATION PERMIT,2
EPF015,EP,0,1,78,170,1,Natural (Non-ISA),UNKNOWN BUT POSSIBLE EPIDEMIC DISEASE,2
EPF018,EP,0,0,63,188,0,Censored,Censored,2
EPF018,EP,0,1,182,365,0,Censored,Censored,2
EPF018,EP,0,1,0,364,0,Censored,Censored,2
EPF018,EP,0,1,0,364,0,Censored,Censored,2
EPF018,EP,0,1,0,46,0,Censored,Censored,2
EPF019,EP,0,1,287,313,1,Other Human,FIRE,2
EPF020,EP,0,1,7,365,0,Censored,Censored,2
EPF020,EP,0,1,0,207,0,Censored,Censored,2
EPF020,EP,0,1,72,364,0,Censored,Censored,2
EPF020,EP,0,1,0,15,0,Censored,Censored,2
EPF021,EP,0,0,59,178,1,Natural (Non-ISA),UNKNOWN BUT POSSIBLE EPIDEMIC DISEASE,2
EPF029,EP,0,1,67,290,1,Unknown,UNKNOWN,2
EPF035,EP,0,0,213,364,0,Censored,Censored,2
EPF035,EP,0,0,1,134,0,Censored,Censored,2
EPF038,EP,0,1,357,365,0,Censored,Censored,2
EPF038,EP,0,1,0,364,0,Censored,Censored,2
EPF038,EP,0,1,0,103,1,Poached,SHOT ILLEGALLY -  BY HUNTER,2
EPF041,EP,0,1,71,364,0,Censored,Censored,2
EPF041,EP,0,1,0,11,0,Censored,Censored,2
EPF043,EP,0,0,305,364,0,Censored,Censored,2
EPF043,EP,0,0,0,100,0,Censored,Censored,2
EPF047,EP,0,1,343,364,0,Censored,Censored,2
EPF047,EP,0,1,0,359,0,Censored,Censored,2
EPF047,EP,0,1,0,92,0,Censored,Censored,2
EPF048,EP,0,1,21,362,0,Censored,Censored,2
EPF048,EP,0,1,0,78,0,Censored,Censored,2
EPF049,EP,0,1,303,365,0,Censored,Censored,2
EPF049,EP,0,1,0,364,0,Censored,Censored,2
EPF049,EP,0,1,0,46,0,Censored,Censored,2
EPF094,EP,0,1,87,207,1,Natural (Non-ISA),DISEASE - COCCIDIODOMYCOSIS,2
EPF105,EP,0,1,35,364,0,Censored,Censored,2
EPF105,EP,0,1,0,34,0,Censored,Censored,2
EPF137,EP,0,1,57,364,0,Censored,Censored,2
EPF137,EP,0,1,0,76,0,Censored,Censored,2
EPF138,EP,0,0,122,235,0,Censored,Censored,2
EPF139,EP,0,0,351,364,0,Censored,Censored,2
EPF139,EP,0,0,0,34,0,Censored,Censored,2
EPF139,EP,0,1,28,76,0,Censored,Censored,2
EPM001,EP,1,1,7,176,1,Natural (Non-ISA),UNKNOWN BUT POSSIBLE EPIDEMIC DISEASE,2
EPM002,EP,1,0,320,364,0,Censored,Censored,2
EPM002,EP,1,0,0,163,1,Vehicle,VEHICLE STRIKE,2
EPM005,EP,1,0,301,364,0,Censored,Censored,2
EPM005,EP,1,0,0,74,0,Censored,Censored,2
EPM006,EP,1,1,338,364,0,Censored,Censored,2
EPM006,EP,1,1,0,172,0,Censored,Censored,2
EPM009,EP,1,0,113,361,0,Censored,Censored,2
EPM009,EP,1,0,0,20,1,Management,DEPREDATION PERMIT,2
EPM010,EP,1,0,107,364,0,Censored,Censored,2
EPM010,EP,1,0,0,171,0,Censored,Censored,2
EPM016,EP,1,1,63,201,1,Management,DEPREDATION PERMIT (ALSO SIG WT LOSS - POSSIBLE...,2
EPM017,EP,1,1,81,364,0,Censored,Censored,2
EPM017,EP,1,1,0,199,0,Censored,Censored,2
EPM017,EP,1,1,63,219,1,Unknown,UNKNOWN,2
EPM022,EP,1,1,31,52,1,Management,DEPREDATION PERMIT,2
EPM031,EP,1,0,143,276,0,Censored,Censored,2
EPM032,EP,1,0,142,347,0,Censored,Censored,2
EPM032,EP,1,1,259,297,1,Management,DEPREDATION,2
EPM037,EP,1,0,357,365,0,Censored,Censored,2
EPM037,EP,1,0,0,179,0,Censored,Censored,2
EPM039,EP,1,1,19,281,0,Censored,Censored,2
EPM039,EP,1,1,42,176,0,Censored,Censored,2
EPM040,EP,1,0,68,364,0,Censored,Censored,2
EPM040,EP,1,0,0,10,0,Censored,Censored,2
EPM040,EP,1,1,329,365,0,Censored,Censored,2
EPM040,EP,1,1,0,68,0,Censored,Censored,2
EPM046,EP,1,1,336,364,0,Censored,Censored,2
EPM046,EP,1,1,0,134,1,Vehicle,VEHICLE STRIKE,2
EPM053,EP,1,0,338,365,0,Censored,Censored,2
EPM053,EP,1,0,0,335,0,Censored,Censored,2
EPM053,EP,1,1,329,351,0,Censored,Censored,2
EPM059,EP,1,1,103,297,1,Poached,LIKELY SHOT ILLEGALLY - COLLAR WITH BULLET HOLE...,2
EPM067,EP,1,1,33,353,0,Censored,Censored,2
EPM107,EP,1,0,51,364,1,Vehicle,VEHICLE STRIKE,2
EPM107,EP,1,0,0,1,0,Censored,Censored,2
EPM108,EP,1,0,85,93,1,Management,DEPREDATION (PERMIT # 4-4-13) TRAPPED BY SHEEP ...,2
EPM109,EP,1,1,93,364,0,Censored,Censored,2
EPM109,EP,1,1,93,364,0,Censored,Censored,2
EPM109,EP,1,1,0,86,1,Unknown,UNKNOWN,2
EPM110,EP,1,0,127,298,1,Vehicle,VEHICLE STRIKE,2
EPM120,EP,1,0,326,364,0,Censored,Censored,2
EPM120,EP,1,0,0,219,0,Censored,Censored,2
EPM125,EP,1,0,77,364,0,Censored,Censored,2
EPM125,EP,1,0,0,125,0,Censored,Censored,2
EPM125,EP,1,1,119,180,0,Censored,Censored,2
EPM145,EP,1,1,341,364,0,Censored,Censored,2
EPM145,EP,1,1,0,165,0,Censored,Censored,2
EPM146,EP,1,1,19,188,0,Censored,Censored,2
HoopaHF01,Hoopa,0,1,185,364,0,Censored,Censored,2
HoopaHF01,Hoopa,0,1,0,121,0,Censored,Censored,2
HoopaHF02,Hoopa,0,0,212,359,1,Poached,GUNSHOT,2
HoopaHF03,Hoopa,0,1,253,364,0,Censored,Censored,2
HoopaHF03,Hoopa,0,1,0,177,0,Censored,Censored,2
HoopaHF04,Hoopa,0,1,224,364,0,Censored,Censored,2
HoopaHF04,Hoopa,0,1,0,129,0,Censored,Censored,2
HoopaHF05,Hoopa,0,1,290,364,0,Censored,Censored,2
HoopaHF05,Hoopa,0,1,0,131,0,Censored,Censored,2
HoopaHM01,Hoopa,1,1,49,271,0,Censored,Censored,2
HoopaHM01,Hoopa,1,1,116,152,0,Censored,Censored,2
HoopaHM02,Hoopa,1,1,187,364,0,Censored,Censored,2
HoopaHM02,Hoopa,1,1,0,71,1,Management,DEPREDATION,2
HoopaHM04,Hoopa,1,0,268,364,0,Censored,Censored,2
HoopaHM04,Hoopa,1,0,0,135,0,Censored,Censored,2
HoopaHM05,Hoopa,1,1,206,274,0,Censored,Censored,2
LAP001,LA,1,1,200,274,0,Censored,Censored,1
LAP001,LA,1,1,31,364,0,Censored,Censored,1
LAP001,LA,1,1,0,364,0,Censored,Censored,1
LAP001,LA,1,1,0,233,0,Censored,Censored,1
LAP001,LA,1,1,197,364,0,Censored,Censored,1
LAP001,LA,1,1,0,185,0,Censored,Censored,1
LAP002,LA,0,1,295,364,0,Censored,Censored,1
LAP002,LA,0,1,0,364,0,Censored,Censored,1
LAP002,LA,0,1,0,303,0,Censored,Censored,1
LAP002,LA,0,1,133,223,1,ISA,ISA,1
LAP003,LA,1,0,171,364,0,Censored,Censored,1
LAP003,LA,1,0,0,174,0,Censored,Censored,1
LAP003,LA,1,1,168,317,1,Other Human,TOXICOSIS,1
LAP004,LA,0,1,29,291,1,Other Human,TOXICOSIS,1
LAP005,LA,1,0,315,364,0,Censored,Censored,1
LAP005,LA,1,0,0,250,1,ISA,ISA,1
LAP006,LA,0,0,323,364,0,Censored,Censored,1
LAP006,LA,0,0,0,265,0,Censored,Censored,1
LAP006,LA,0,1,259,364,0,Censored,Censored,1
LAP006,LA,0,1,0,169,0,Censored,Censored,1
LAP007,LA,0,0,329,364,0,Censored,Censored,1
LAP007,LA,0,0,0,178,1,ISA,ISA,1
LAP008,LA,1,0,88,267,1,ISA,ISA,1
LAP009,LA,1,1,140,176,0,Censored,Censored,1
LAP010,LA,1,0,43,183,1,Unknown,UNK,1
LAP011,LA,1,0,47,281,0,Censored,Censored,1
LAP012,LA,1,0,341,365,0,Censored,Censored,1
LAP012,LA,1,0,0,364,0,Censored,Censored,1
LAP012,LA,1,0,0,125,0,Censored,Censored,1
LAP012,LA,1,1,126,319,0,Censored,Censored,1
LAP013,LA,0,0,287,364,0,Censored,Censored,1
LAP013,LA,0,0,0,181,0,Censored,Censored,1
LAP013,LA,0,1,175,278,0,Censored,Censored,1
LAP013,LA,0,1,351,364,0,Censored,Censored,1
LAP013,LA,0,1,0,365,0,Censored,Censored,1
LAP013,LA,0,1,0,364,0,Censored,Censored,1
LAP013,LA,0,1,0,90,0,Censored,Censored,1
LAP014,LA,1,0,240,364,0,Censored,Censored,1
LAP014,LA,1,0,0,364,0,Censored,Censored,1
LAP014,LA,1,0,0,101,1,ISA,ISA,1
LAP015,LA,1,1,312,364,0,Censored,Censored,1
LAP015,LA,1,1,0,364,0,Censored,Censored,1
LAP015,LA,1,1,0,237,1,Poached,POACHED,1
LAP016,LA,1,0,131,284,0,Censored,Censored,1
LAP016,LA,1,1,0,364,0,Censored,Censored,1
LAP016,LA,1,1,0,365,0,Censored,Censored,1
LAP016,LA,1,1,0,364,0,Censored,Censored,1
LAP016,LA,1,1,0,29,0,Censored,Censored,1
LAP018,LA,1,0,212,241,1,Vehicle,HBC,1
LAP019,LA,0,0,218,364,0,Censored,Censored,1
LAP019,LA,0,0,0,160,0,Censored,Censored,1
LAP019,LA,0,1,154,365,0,Censored,Censored,1
LAP019,LA,0,1,0,364,0,Censored,Censored,1
LAP019,LA,0,1,0,364,0,Censored,Censored,1
LAP019,LA,0,1,0,364,0,Censored,Censored,1
LAP019,LA,0,1,0,136,0,Censored,Censored,1
LAP019,LA,0,1,26,364,0,Censored,Censored,1
LAP019,LA,0,1,0,364,0,Censored,Censored,1
LAP019,LA,0,1,0,176,0,Censored,Censored,1
LAP020,LA,1,0,301,317,1,ISA,ISA,1
LAP021,LA,1,1,155,364,0,Censored,Censored,1
LAP021,LA,1,1,0,365,0,Censored,Censored,1
LAP021,LA,1,1,0,239,0,Censored,Censored,1
LAP022,LA,1,1,233,365,0,Censored,Censored,1
LAP022,LA,1,1,0,364,0,Censored,Censored,1
LAP022,LA,1,1,0,274,0,Censored,Censored,1
LAP022,LA,1,1,0,365,0,Censored,Censored,1
LAP022,LA,1,1,0,364,0,Censored,Censored,1
LAP022,LA,1,1,0,242,0,Censored,Censored,1
LAP022,LA,1,1,112,364,0,Censored,Censored,1
LAP022,LA,1,1,0,197,0,Censored,Censored,1
LAP023,LA,0,0,233,364,0,Censored,Censored,1
LAP023,LA,0,0,0,188,0,Censored,Censored,1
LAP023,LA,0,1,182,364,0,Censored,Censored,1
LAP023,LA,0,1,0,364,0,Censored,Censored,1
LAP023,LA,0,1,0,365,0,Censored,Censored,1
LAP023,LA,0,1,0,176,0,Censored,Censored,1
LAP027,LA,1,1,106,364,0,Censored,Censored,1
LAP027,LA,1,1,0,364,0,Censored,Censored,1
LAP027,LA,1,1,0,364,0,Censored,Censored,1
LAP027,LA,1,1,0,365,0,Censored,Censored,1
LAP027,LA,1,1,0,148,0,Censored,Censored,1
LAP030,LA,1,0,53,300,0,Censored,Censored,1
LAP030,LA,1,1,294,365,0,Censored,Censored,1
LAP030,LA,1,1,0,364,0,Censored,Censored,1
LAP030,LA,1,1,0,364,0,Censored,Censored,1
LAP030,LA,1,1,0,253,1,Other Human,ANTICOAG,1
LAP032,LA,1,0,354,364,0,Censored,Censored,1
LAP032,LA,1,0,0,221,1,Vehicle,HBC,1
LAP033,LA,0,0,49,335,0,Censored,Censored,1
LAP033,LA,0,1,329,364,0,Censored,Censored,1
LAP033,LA,0,1,0,365,0,Censored,Censored,1
LAP033,LA,0,1,0,364,0,Censored,Censored,1
LAP033,LA,0,1,0,50,0,Censored,Censored,1
LAP034,LA,0,0,354,364,0,Censored,Censored,1
LAP034,LA,0,0,0,272,1,Other Human,ANTICOAG,1
LAP035,LA,0,1,98,364,0,Censored,Censored,1
LAP035,LA,0,1,0,364,0,Censored,Censored,1
LAP035,LA,0,1,0,365,0,Censored,Censored,1
LAP035,LA,0,1,0,120,0,Censored,Censored,1
LAP038,LA,1,1,80,364,0,Censored,Censored,1
LAP038,LA,1,1,0,365,0,Censored,Censored,1
LAP038,LA,1,1,0,364,0,Censored,Censored,1
LAP038,LA,1,1,0,364,0,Censored,Censored,1
LAP038,LA,1,1,0,183,1,Poached,POACHED,1
LAP039,LA,0,1,99,364,0,Censored,Censored,1
LAP039,LA,0,1,0,338,1,Vehicle,HBC,1
LAP041,LA,1,1,126,364,0,Censored,Censored,1
LAP041,LA,1,1,0,365,0,Censored,Censored,1
LAP041,LA,1,1,0,179,0,Censored,Censored,1
LAP042,LA,0,0,189,364,0,Censored,Censored,1
LAP042,LA,0,0,0,139,0,Censored,Censored,1
LAP042,LA,0,1,133,365,0,Censored,Censored,1
LAP042,LA,0,1,0,364,0,Censored,Censored,1
LAP042,LA,0,1,0,178,0,Censored,Censored,1
LAP045,LA,1,1,325,364,0,Censored,Censored,1
LAP045,LA,1,1,0,365,0,Censored,Censored,1
LAP045,LA,1,1,0,364,0,Censored,Censored,1
LAP045,LA,1,1,0,52,0,Censored,Censored,1
LAP047,LA,1,0,84,364,0,Censored,Censored,1
LAP047,LA,1,0,0,364,0,Censored,Censored,1
LAP047,LA,1,0,0,6,0,Censored,Censored,1
LAP047,LA,1,1,0,78,1,Other Human,ANTICOAG,1
LAP053,LA,0,0,203,365,0,Censored,Censored,1
LAP053,LA,0,0,0,229,0,Censored,Censored,1
LAP053,LA,0,1,35,226,1,Unknown,UNK,1
LAP054,LA,0,0,56,364,0,Censored,Censored,1
LAP054,LA,0,0,0,27,0,Censored,Censored,1
LAP054,LA,0,1,21,150,0,Censored,Censored,1
LAP055,LA,1,0,94,364,0,Censored,Censored,1
LAP055,LA,1,0,0,159,1,Unknown,UNK,1
LAP056,LA,1,0,91,364,0,Censored,Censored,1
LAP056,LA,1,0,0,286,0,Censored,Censored,1
LAP056,LA,1,1,280,364,0,Censored,Censored,1
LAP056,LA,1,1,0,360,0,Censored,Censored,1
LAP056,LA,1,1,1,26,1,Management,DEPRED,1
LAP061,LA,1,0,291,364,0,Censored,Censored,1
LAP061,LA,1,0,0,364,0,Censored,Censored,1
LAP061,LA,1,0,0,132,0,Censored,Censored,1
LAP061,LA,1,1,126,249,1,Vehicle,HBC,1
LAP062,LA,0,1,18,192,0,Censored,Censored,1
LAP063,LA,1,0,18,364,0,Censored,Censored,1
LAP063,LA,1,0,0,364,0,Censored,Censored,1
LAP063,LA,1,0,0,111,0,Censored,Censored,1
LAP063,LA,1,1,105,197,0,Censored,Censored,1
LAP064,LA,1,1,59,333,1,Other Human,STARVATIONFOLLOWINGBURNEDPAWS,1
LAP065,LA,0,0,71,286,0,Censored,Censored,1
LAP065,LA,0,1,280,364,0,Censored,Censored,1
LAP065,LA,0,1,0,324,0,Censored,Censored,1
LAP065,LA,0,1,21,197,0,Censored,Censored,1
LAP067,LA,0,0,193,364,0,Censored,Censored,1
LAP067,LA,0,0,0,167,0,Censored,Censored,1
LAP067,LA,0,1,161,190,1,Unknown,UNK,1
LAP075,LA,0,0,168,364,0,Censored,Censored,1
LAP075,LA,0,0,0,197,0,Censored,Censored,1
LAP076,LA,1,1,312,364,0,Censored,Censored,1
LAP076,LA,1,1,0,27,1,Other Human,ANTICOAG,1
LAP077,LA,0,1,316,364,0,Censored,Censored,1
LAP077,LA,0,1,0,197,0,Censored,Censored,1
LAP078,LA,1,0,345,364,0,Censored,Censored,1
LAP078,LA,1,0,0,197,0,Censored,Censored,1
LAP079,LA,1,0,345,364,0,Censored,Censored,1
LAP079,LA,1,0,0,89,0,Censored,Censored,1
LAP080,LA,0,1,11,197,0,Censored,Censored,1
LAP081,LA,1,0,64,197,0,Censored,Censored,1
MendocinoF1,Mendocino,0,1,175,364,0,Censored,Censored,2
MendocinoF1,Mendocino,0,1,0,22,0,Censored,Censored,2
MendocinoF17,Mendocino,0,0,348,364,0,Censored,Censored,2
MendocinoF17,Mendocino,0,0,0,97,0,Censored,Censored,2
MendocinoF17,Mendocino,0,1,91,179,1,Natural (Non-ISA),NATURAL,2
MendocinoF19,Mendocino,0,1,219,360,0,Censored,Censored,2
MendocinoF19,Mendocino,0,1,4,339,0,Censored,Censored,2
MendocinoF23,Mendocino,0,1,154,346,0,Censored,Censored,2
MendocinoF43,Mendocino,0,1,105,349,0,Censored,Censored,2
MendocinoM33,Mendocino,1,1,107,306,0,Censored,Censored,2
MendocinoM36,Mendocino,1,0,110,193,1,ISA,MTN LION,2
ModocF158,Modoc,0,0,57,271,0,Censored,Censored,3
ModocF158,Modoc,0,1,161,178,0,Censored,Censored,3
ModocF159,Modoc,0,1,157,271,0,Censored,Censored,3
ModocF163,Modoc,0,0,21,271,0,Censored,Censored,3
ModocF164,Modoc,0,1,43,271,0,Censored,Censored,3
ModocF164,Modoc,0,1,161,179,0,Censored,Censored,3
ModocF167,Modoc,0,1,190,205,0,Censored,Censored,3
ModocF180,Modoc,0,1,161,177,0,Censored,Censored,3
ModocF182,Modoc,0,1,33,120,0,Censored,Censored,3
ModocF199,Modoc,0,1,0,71,0,Censored,Censored,3
ModocF201,Modoc,0,1,14,243,0,Censored,Censored,3
ModocF203,Modoc,0,1,25,364,0,Censored,Censored,3
ModocF203,Modoc,0,1,0,76,0,Censored,Censored,3
ModocF204,Modoc,0,0,57,335,0,Censored,Censored,3
ModocF204,Modoc,0,1,329,364,0,Censored,Censored,3
ModocF204,Modoc,0,1,0,74,0,Censored,Censored,3
ModocF206,Modoc,0,0,88,253,0,Censored,Censored,3
ModocM157,Modoc,1,1,50,271,0,Censored,Censored,3
ModocM160,Modoc,1,1,40,257,1,Management,DEPREDATION,3
ModocM161,Modoc,1,1,57,365,0,Censored,Censored,3
ModocM161,Modoc,1,1,0,124,0,Censored,Censored,3
ModocM166,Modoc,1,1,159,271,0,Censored,Censored,3
ModocM166,Modoc,1,1,161,179,0,Censored,Censored,3
ModocM166,Modoc,1,1,232,364,0,Censored,Censored,3
ModocM166,Modoc,1,1,0,75,0,Censored,Censored,3
ModocM168,Modoc,1,0,154,177,0,Censored,Censored,3
ModocM169,Modoc,1,0,334,364,0,Censored,Censored,3
ModocM169,Modoc,1,0,0,16,0,Censored,Censored,3
ModocM176,Modoc,1,0,347,364,0,Censored,Censored,3
ModocM176,Modoc,1,0,0,90,1,Natural (Non-ISA),DISEASE,3
ModocM177,Modoc,1,0,350,364,0,Censored,Censored,3
ModocM177,Modoc,1,0,0,72,1,ISA,KILLED BY ANOTHER LION,3
ModocM178,Modoc,1,1,154,166,0,Censored,Censored,3
ModocM179,Modoc,1,1,154,178,0,Censored,Censored,3
ModocM181,Modoc,1,1,26,364,0,Censored,Censored,3
ModocM181,Modoc,1,1,0,131,1,ISA,KILLED BY ANOTHER LION,3
ModocM184,Modoc,1,1,161,179,0,Censored,Censored,3
ModocM197,Modoc,1,1,94,156,0,Censored,Censored,3
ModocM198,Modoc,1,0,186,364,0,Censored,Censored,3
ModocM198,Modoc,1,0,0,122,0,Censored,Censored,3
ModocM200,Modoc,1,0,0,363,0,Censored,Censored,3
ModocM200,Modoc,1,0,0,75,0,Censored,Censored,3
ModocM202,Modoc,1,0,52,132,0,Censored,Censored,3
ModocM205,Modoc,1,1,85,184,0,Censored,Censored,3
PeninsularP250,Peninsular,1,0,12,142,1,Natural (Non-ISA),UNKNOWN - NATURAL,2
PeninsularP251,Peninsular,1,1,12,141,0,Censored,Censored,2
PeninsularP252,Peninsular,1,0,14,191,1,ISA,INTRASPECIFIC STRIFE,2
PeninsularP253,Peninsular,0,1,33,149,1,Vehicle,HIT BY CAR,2
PeninsularP254,Peninsular,1,1,39,142,0,Censored,Censored,2
PeninsularP255,Peninsular,0,0,42,96,0,Censored,Censored,2
PeninsularP256,Peninsular,0,0,85,124,1,ISA,INTRASPECIFIC STRIFE,2
PeninsularP257,Peninsular,0,1,91,141,0,Censored,Censored,2
PeninsularP258,Peninsular,0,0,137,141,0,Censored,Censored,2
PlumasPF1,Plumas,0,1,261,365,0,Censored,Censored,3
PlumasPF1,Plumas,0,1,0,235,0,Censored,Censored,3
PlumasPF3,Plumas,0,1,337,365,0,Censored,Censored,3
PlumasPF3,Plumas,0,1,0,236,0,Censored,Censored,3
PlumasPF4,Plumas,0,1,338,365,0,Censored,Censored,3
PlumasPF4,Plumas,0,1,0,178,1,Natural (Non-ISA),NATURAL,3
PlumasPF5,Plumas,0,1,341,365,0,Censored,Censored,3
PlumasPF5,Plumas,0,1,0,364,0,Censored,Censored,3
PlumasPF5,Plumas,0,1,0,150,0,Censored,Censored,3
PlumasPM1,Plumas,1,1,136,365,0,Censored,Censored,3
PlumasPM1,Plumas,1,1,0,39,1,Natural (Non-ISA),NATURAL,3
PlumasPM2,Plumas,1,1,137,365,0,Censored,Censored,3
PlumasPM2,Plumas,1,1,0,220,0,Censored,Censored,3
PlumasPM3,Plumas,1,1,343,365,0,Censored,Censored,3
PlumasPM3,Plumas,1,1,0,69,0,Censored,Censored,3
Sacramento_ValleyBF1,Sacramento_Valley,0,0,173,347,0,Censored,Censored,NA
Sacramento_ValleyBM1,Sacramento_Valley,1,0,183,218,0,Censored,Censored,NA
Santa_AnaF028,Santa_Ana,0,1,56,364,0,Censored,Censored,1
Santa_AnaF028,Santa_Ana,0,1,0,95,1,Unknown,UNKNOWN,1
Santa_AnaF044,Santa_Ana,0,0,271,335,0,Censored,Censored,1
Santa_AnaF044,Santa_Ana,0,1,329,364,0,Censored,Censored,1
Santa_AnaF044,Santa_Ana,0,1,0,312,1,Other Human,FIRE,1
Santa_AnaF045,Santa_Ana,0,1,290,364,0,Censored,Censored,1
Santa_AnaF045,Santa_Ana,0,1,0,29,0,Censored,Censored,1
Santa_AnaF045,Santa_Ana,0,1,327,364,0,Censored,Censored,1
Santa_AnaF045,Santa_Ana,0,1,0,192,1,Poached,KILLED ILLEGALLY,1
Santa_AnaF050,Santa_Ana,0,1,301,365,0,Censored,Censored,1
Santa_AnaF050,Santa_Ana,0,1,0,281,0,Censored,Censored,1
Santa_AnaF051,Santa_Ana,0,0,263,364,0,Censored,Censored,1
Santa_AnaF051,Santa_Ana,0,0,0,97,0,Censored,Censored,1
Santa_AnaF051,Santa_Ana,0,1,91,183,1,Poached,KILLED ILLEGALLY,1
Santa_AnaF052,Santa_Ana,0,1,322,365,0,Censored,Censored,1
Santa_AnaF052,Santa_Ana,0,1,0,124,1,Unknown,UNKNOWN,1
Santa_AnaF055,Santa_Ana,0,1,343,365,0,Censored,Censored,1
Santa_AnaF055,Santa_Ana,0,1,0,263,0,Censored,Censored,1
Santa_AnaF061,Santa_Ana,0,0,131,244,0,Censored,Censored,1
Santa_AnaF061,Santa_Ana,0,1,238,364,0,Censored,Censored,1
Santa_AnaF061,Santa_Ana,0,1,0,47,0,Censored,Censored,1
Santa_AnaF062,Santa_Ana,0,0,280,364,0,Censored,Censored,1
Santa_AnaF062,Santa_Ana,0,0,0,125,0,Censored,Censored,1
Santa_AnaF062,Santa_Ana,0,1,119,235,0,Censored,Censored,1
Santa_AnaF062,Santa_Ana,0,1,19,48,0,Censored,Censored,1
Santa_AnaF085,Santa_Ana,0,0,298,364,0,Censored,Censored,1
Santa_AnaF085,Santa_Ana,0,0,0,3,0,Censored,Censored,1
Santa_AnaF089,Santa_Ana,0,1,37,78,0,Censored,Censored,1
Santa_AnaF089,Santa_Ana,0,1,10,111,1,ISA,ISA,1
Santa_AnaF090,Santa_Ana,0,1,35,61,0,Censored,Censored,1
Santa_AnaF090,Santa_Ana,0,1,355,364,0,Censored,Censored,1
Santa_AnaF090,Santa_Ana,0,1,0,211,0,Censored,Censored,1
Santa_AnaF092,Santa_Ana,0,0,58,86,0,Censored,Censored,1
Santa_AnaF092,Santa_Ana,0,1,36,265,0,Censored,Censored,1
Santa_AnaF095,Santa_Ana,0,0,110,307,0,Censored,Censored,1
Santa_AnaF095,Santa_Ana,0,1,301,365,0,Censored,Censored,1
Santa_AnaF095,Santa_Ana,0,1,0,72,0,Censored,Censored,1
Santa_AnaF121,Santa_Ana,0,0,340,364,0,Censored,Censored,1
Santa_AnaF121,Santa_Ana,0,0,0,62,0,Censored,Censored,1
Santa_AnaF121,Santa_Ana,0,1,56,364,0,Censored,Censored,1
Santa_AnaF121,Santa_Ana,0,1,0,129,0,Censored,Censored,1
Santa_AnaF126,Santa_Ana,0,0,93,153,0,Censored,Censored,1
Santa_AnaF126,Santa_Ana,0,1,147,364,0,Censored,Censored,1
Santa_AnaF126,Santa_Ana,0,1,0,6,0,Censored,Censored,1
Santa_AnaM026,Santa_Ana,1,0,259,288,1,Poached,KILLED ILLEGALLY,1
Santa_AnaM027,Santa_Ana,1,0,65,346,0,Censored,Censored,1
Santa_AnaM027,Santa_Ana,1,0,9,364,0,Censored,Censored,1
Santa_AnaM027,Santa_Ana,1,0,0,88,0,Censored,Censored,1
Santa_AnaM056,Santa_Ana,1,0,292,364,0,Censored,Censored,1
Santa_AnaM056,Santa_Ana,1,0,0,117,1,Management,DEPREDATION,1
Santa_AnaM057,Santa_Ana,1,0,17,364,0,Censored,Censored,1
Santa_AnaM057,Santa_Ana,1,0,0,6,0,Censored,Censored,1
Santa_AnaM057,Santa_Ana,1,1,0,167,1,Vehicle,VEHICLE STRIKE,1
Santa_AnaM058,Santa_Ana,1,1,14,297,0,Censored,Censored,1
Santa_AnaM060,Santa_Ana,1,0,98,261,0,Censored,Censored,1
Santa_AnaM063,Santa_Ana,1,0,327,351,0,Censored,Censored,1
Santa_AnaM064,Santa_Ana,1,1,110,364,0,Censored,Censored,1
Santa_AnaM064,Santa_Ana,1,1,0,138,1,Unknown,UNKNOWN,1
Santa_AnaM086,Santa_Ana,1,1,319,364,0,Censored,Censored,1
Santa_AnaM086,Santa_Ana,1,1,0,12,0,Censored,Censored,1
Santa_AnaM087,Santa_Ana,1,1,346,364,0,Censored,Censored,1
Santa_AnaM087,Santa_Ana,1,1,0,12,0,Censored,Censored,1
Santa_AnaM091,Santa_Ana,1,0,58,188,1,Vehicle,VEHICLE STRIKE,1
Santa_AnaM093,Santa_Ana,1,0,58,304,0,Censored,Censored,1
Santa_AnaM093,Santa_Ana,1,0,52,62,0,Censored,Censored,1
Santa_AnaM093,Santa_Ana,1,1,56,330,1,Poached,KILLED ILLEGALLY,1
Santa_AnaM096,Santa_Ana,1,1,105,144,0,Censored,Censored,1
Santa_AnaM106,Santa_Ana,1,1,49,364,0,Censored,Censored,1
Santa_AnaM106,Santa_Ana,1,1,0,48,0,Censored,Censored,1
Santa_AnaM118,Santa_Ana,1,0,315,364,0,Censored,Censored,1
Santa_AnaM118,Santa_Ana,1,0,0,364,0,Censored,Censored,1
Santa_AnaM118,Santa_Ana,1,0,0,94,0,Censored,Censored,1
Santa_AnaM119,Santa_Ana,1,1,319,364,0,Censored,Censored,1
Santa_AnaM119,Santa_Ana,1,1,0,115,0,Censored,Censored,1
Santa_AnaM122,Santa_Ana,1,0,50,364,0,Censored,Censored,1
Santa_AnaM122,Santa_Ana,1,0,0,290,0,Censored,Censored,1
Santa_Cruz102F,Santa_Cruz,0,1,197,258,1,Natural (Non-ISA),DISEASE (LIKELY),1
Santa_Cruz107M,Santa_Cruz,1,1,329,363,0,Censored,Censored,1
Santa_Cruz107M,Santa_Cruz,1,1,19,364,0,Censored,Censored,1
Santa_Cruz107M,Santa_Cruz,1,1,0,64,0,Censored,Censored,1
Santa_Cruz108F,Santa_Cruz,0,0,66,167,0,Censored,Censored,1
Santa_Cruz108F,Santa_Cruz,0,1,161,295,0,Censored,Censored,1
Santa_Cruz109F,Santa_Cruz,0,1,239,364,0,Censored,Censored,1
Santa_Cruz109F,Santa_Cruz,0,1,0,62,0,Censored,Censored,1
Santa_Cruz10F,Santa_Cruz,0,0,254,364,0,Censored,Censored,1
Santa_Cruz10F,Santa_Cruz,0,0,0,111,0,Censored,Censored,1
Santa_Cruz10F,Santa_Cruz,0,1,105,267,0,Censored,Censored,1
Santa_Cruz10F,Santa_Cruz,0,1,28,345,0,Censored,Censored,1
Santa_Cruz10F,Santa_Cruz,0,1,0,2,0,Censored,Censored,1
Santa_Cruz10F,Santa_Cruz,0,1,124,364,0,Censored,Censored,1
Santa_Cruz10F,Santa_Cruz,0,1,0,365,0,Censored,Censored,1
Santa_Cruz10F,Santa_Cruz,0,1,0,364,0,Censored,Censored,1
Santa_Cruz10F,Santa_Cruz,0,1,0,165,0,Censored,Censored,1
Santa_Cruz11F,Santa_Cruz,0,1,259,364,0,Censored,Censored,1
Santa_Cruz11F,Santa_Cruz,0,1,0,364,0,Censored,Censored,1
Santa_Cruz11F,Santa_Cruz,0,1,0,365,0,Censored,Censored,1
Santa_Cruz11F,Santa_Cruz,0,1,0,19,1,Unknown,UNKNOWN,1
Santa_Cruz12F,Santa_Cruz,0,1,283,364,0,Censored,Censored,1
Santa_Cruz12F,Santa_Cruz,0,1,0,291,0,Censored,Censored,1
Santa_Cruz13F,Santa_Cruz,0,1,12,298,1,Management,DEPREDATION,1
Santa_Cruz16M,Santa_Cruz,1,1,127,354,0,Censored,Censored,1
Santa_Cruz16M,Santa_Cruz,1,1,96,364,0,Censored,Censored,1
Santa_Cruz16M,Santa_Cruz,1,1,0,326,1,Poached,ILLEGAL KILLING (CONFIRMED RETALIATORY),1
Santa_Cruz17M,Santa_Cruz,1,1,225,298,0,Censored,Censored,1
Santa_Cruz17M,Santa_Cruz,1,1,7,60,0,Censored,Censored,1
Santa_Cruz17M,Santa_Cruz,1,1,68,365,0,Censored,Censored,1
Santa_Cruz17M,Santa_Cruz,1,1,0,31,1,ISA,PUMA,1
Santa_Cruz18F,Santa_Cruz,0,1,316,364,0,Censored,Censored,1
Santa_Cruz18F,Santa_Cruz,0,1,0,218,1,Vehicle,VEHICLE COLLISION,1
Santa_Cruz19F,Santa_Cruz,0,0,325,364,0,Censored,Censored,1
Santa_Cruz19F,Santa_Cruz,0,0,0,160,0,Censored,Censored,1
Santa_Cruz19F,Santa_Cruz,0,1,154,364,0,Censored,Censored,1
Santa_Cruz19F,Santa_Cruz,0,1,0,365,0,Censored,Censored,1
Santa_Cruz19F,Santa_Cruz,0,1,0,364,0,Censored,Censored,1
Santa_Cruz19F,Santa_Cruz,0,1,0,364,0,Censored,Censored,1
Santa_Cruz19F,Santa_Cruz,0,1,0,258,1,ISA,PUMA,1
Santa_Cruz1F,Santa_Cruz,0,1,63,364,0,Censored,Censored,1
Santa_Cruz1F,Santa_Cruz,0,1,0,60,0,Censored,Censored,1
Santa_Cruz20F,Santa_Cruz,0,1,343,356,1,Unknown,UNKNOWN,1
Santa_Cruz21M,Santa_Cruz,1,0,22,25,0,Censored,Censored,1
Santa_Cruz22M,Santa_Cruz,1,1,110,364,0,Censored,Censored,1
Santa_Cruz22M,Santa_Cruz,1,1,0,356,1,Unknown,UNKNOWN,1
Santa_Cruz23F,Santa_Cruz,0,1,129,364,0,Censored,Censored,1
Santa_Cruz23F,Santa_Cruz,0,1,0,365,0,Censored,Censored,1
Santa_Cruz23F,Santa_Cruz,0,1,0,364,0,Censored,Censored,1
Santa_Cruz23F,Santa_Cruz,0,1,0,174,0,Censored,Censored,1
Santa_Cruz24F,Santa_Cruz,0,1,136,363,1,Poached,ILLEGAL KILLING (CONFIRMED RETALIATORY),1
Santa_Cruz25F,Santa_Cruz,0,1,214,364,0,Censored,Censored,1
Santa_Cruz25F,Santa_Cruz,0,1,0,364,0,Censored,Censored,1
Santa_Cruz25F,Santa_Cruz,0,1,0,364,0,Censored,Censored,1
Santa_Cruz25F,Santa_Cruz,0,1,3,364,0,Censored,Censored,1
Santa_Cruz25F,Santa_Cruz,0,1,2,364,0,Censored,Censored,1
Santa_Cruz25F,Santa_Cruz,0,1,0,365,0,Censored,Censored,1
Santa_Cruz25F,Santa_Cruz,0,1,0,364,0,Censored,Censored,1
Santa_Cruz25F,Santa_Cruz,0,1,0,364,0,Censored,Censored,1
Santa_Cruz25F,Santa_Cruz,0,1,0,364,0,Censored,Censored,1
Santa_Cruz25F,Santa_Cruz,0,1,0,64,0,Censored,Censored,1
Santa_Cruz26M,Santa_Cruz,1,0,236,364,0,Censored,Censored,1
Santa_Cruz26M,Santa_Cruz,1,0,0,365,0,Censored,Censored,1
Santa_Cruz26M,Santa_Cruz,1,0,0,62,0,Censored,Censored,1
Santa_Cruz26M,Santa_Cruz,1,1,56,364,0,Censored,Censored,1
Santa_Cruz26M,Santa_Cruz,1,1,0,364,0,Censored,Censored,1
Santa_Cruz26M,Santa_Cruz,1,1,0,364,0,Censored,Censored,1
Santa_Cruz26M,Santa_Cruz,1,1,0,92,1,Management,DEPREDATION,1
Santa_Cruz27M,Santa_Cruz,1,0,301,364,0,Censored,Censored,1
Santa_Cruz27M,Santa_Cruz,1,0,0,104,0,Censored,Censored,1
Santa_Cruz27M,Santa_Cruz,1,1,98,365,0,Censored,Censored,1
Santa_Cruz27M,Santa_Cruz,1,1,0,274,1,Management,DEPREDATION,1
Santa_Cruz28F,Santa_Cruz,0,1,320,339,0,Censored,Censored,1
Santa_Cruz28F,Santa_Cruz,0,1,116,365,0,Censored,Censored,1
Santa_Cruz28F,Santa_Cruz,0,1,0,364,0,Censored,Censored,1
Santa_Cruz28F,Santa_Cruz,0,1,0,363,0,Censored,Censored,1
Santa_Cruz28F,Santa_Cruz,0,1,0,55,1,Vehicle,VEHICLE COLLISION,1
Santa_Cruz29F,Santa_Cruz,0,1,336,364,0,Censored,Censored,1
Santa_Cruz29F,Santa_Cruz,0,1,0,365,0,Censored,Censored,1
Santa_Cruz29F,Santa_Cruz,0,1,0,364,0,Censored,Censored,1
Santa_Cruz29F,Santa_Cruz,0,1,0,364,0,Censored,Censored,1
Santa_Cruz29F,Santa_Cruz,0,1,0,364,0,Censored,Censored,1
Santa_Cruz29F,Santa_Cruz,0,1,0,183,0,Censored,Censored,1
Santa_Cruz2F,Santa_Cruz,0,1,17,364,0,Censored,Censored,1
Santa_Cruz2F,Santa_Cruz,0,1,0,82,0,Censored,Censored,1
Santa_Cruz30F,Santa_Cruz,0,1,24,69,1,Unknown,UNKNOWN,1
Santa_Cruz31M,Santa_Cruz,1,1,38,318,0,Censored,Censored,1
Santa_Cruz31M,Santa_Cruz,1,1,35,364,0,Censored,Censored,1
Santa_Cruz31M,Santa_Cruz,1,1,0,260,0,Censored,Censored,1
Santa_Cruz34M,Santa_Cruz,1,0,92,327,0,Censored,Censored,1
Santa_Cruz35M,Santa_Cruz,1,0,96,365,0,Censored,Censored,1
Santa_Cruz35M,Santa_Cruz,1,0,0,349,0,Censored,Censored,1
Santa_Cruz35M,Santa_Cruz,1,1,343,364,0,Censored,Censored,1
Santa_Cruz35M,Santa_Cruz,1,1,0,75,0,Censored,Censored,1
Santa_Cruz36M,Santa_Cruz,1,0,152,321,0,Censored,Censored,1
Santa_Cruz36M,Santa_Cruz,1,1,315,365,0,Censored,Censored,1
Santa_Cruz36M,Santa_Cruz,1,1,0,364,0,Censored,Censored,1
Santa_Cruz36M,Santa_Cruz,1,1,0,364,0,Censored,Censored,1
Santa_Cruz36M,Santa_Cruz,1,1,0,250,1,Unknown,UNKNOWN,1
Santa_Cruz37M,Santa_Cruz,1,1,49,364,0,Censored,Censored,1
Santa_Cruz37M,Santa_Cruz,1,1,0,324,0,Censored,Censored,1
Santa_Cruz37M,Santa_Cruz,1,1,95,365,0,Censored,Censored,1
Santa_Cruz37M,Santa_Cruz,1,1,0,165,0,Censored,Censored,1
Santa_Cruz38F,Santa_Cruz,0,1,126,364,0,Censored,Censored,1
Santa_Cruz38F,Santa_Cruz,0,1,0,364,0,Censored,Censored,1
Santa_Cruz38F,Santa_Cruz,0,1,0,292,0,Censored,Censored,1
Santa_Cruz38F,Santa_Cruz,0,1,123,364,0,Censored,Censored,1
Santa_Cruz38F,Santa_Cruz,0,1,0,364,0,Censored,Censored,1
Santa_Cruz38F,Santa_Cruz,0,1,0,364,0,Censored,Censored,1
Santa_Cruz38F,Santa_Cruz,0,1,0,64,0,Censored,Censored,1
Santa_Cruz39M,Santa_Cruz,1,0,135,303,1,Vehicle,VEHICLE COLLISION,1
Santa_Cruz41M,Santa_Cruz,1,0,275,364,0,Censored,Censored,1
Santa_Cruz41M,Santa_Cruz,1,0,0,55,0,Censored,Censored,1
Santa_Cruz42M,Santa_Cruz,1,1,289,364,0,Censored,Censored,1
Santa_Cruz42M,Santa_Cruz,1,1,0,364,0,Censored,Censored,1
Santa_Cruz42M,Santa_Cruz,1,1,0,328,0,Censored,Censored,1
Santa_Cruz43F,Santa_Cruz,0,1,292,364,0,Censored,Censored,1
Santa_Cruz43F,Santa_Cruz,0,1,0,364,0,Censored,Censored,1
Santa_Cruz43F,Santa_Cruz,0,1,0,364,0,Censored,Censored,1
Santa_Cruz43F,Santa_Cruz,0,1,0,365,0,Censored,Censored,1
Santa_Cruz43F,Santa_Cruz,0,1,0,281,0,Censored,Censored,1
Santa_Cruz46M,Santa_Cruz,1,0,16,274,1,Vehicle,VEHICLE COLLISION,1
Santa_Cruz48M,Santa_Cruz,1,1,119,364,0,Censored,Censored,1
Santa_Cruz48M,Santa_Cruz,1,1,0,364,0,Censored,Censored,1
Santa_Cruz48M,Santa_Cruz,1,1,0,228,0,Censored,Censored,1
Santa_Cruz4M,Santa_Cruz,1,1,74,364,0,Censored,Censored,1
Santa_Cruz4M,Santa_Cruz,1,1,0,364,0,Censored,Censored,1
Santa_Cruz4M,Santa_Cruz,1,1,0,79,1,Management,DEPREDATION,1
Santa_Cruz51M,Santa_Cruz,1,1,310,364,0,Censored,Censored,1
Santa_Cruz51M,Santa_Cruz,1,1,0,364,0,Censored,Censored,1
Santa_Cruz51M,Santa_Cruz,1,1,0,354,0,Censored,Censored,1
Santa_Cruz52F,Santa_Cruz,0,1,81,364,0,Censored,Censored,1
Santa_Cruz52F,Santa_Cruz,0,1,0,2,1,Unknown,UNKNOWN,1
Santa_Cruz53F,Santa_Cruz,0,0,96,125,0,Censored,Censored,1
Santa_Cruz53F,Santa_Cruz,0,1,119,364,0,Censored,Censored,1
Santa_Cruz53F,Santa_Cruz,0,1,0,275,0,Censored,Censored,1
Santa_Cruz54M,Santa_Cruz,1,0,98,364,0,Censored,Censored,1
Santa_Cruz54M,Santa_Cruz,1,0,0,216,0,Censored,Censored,1
Santa_Cruz55F,Santa_Cruz,0,1,133,364,0,Censored,Censored,1
Santa_Cruz55F,Santa_Cruz,0,1,0,365,0,Censored,Censored,1
Santa_Cruz55F,Santa_Cruz,0,1,0,138,0,Censored,Censored,1
Santa_Cruz56M,Santa_Cruz,1,0,138,364,0,Censored,Censored,1
Santa_Cruz56M,Santa_Cruz,1,0,0,181,1,Unknown,UNKNOWN,1
Santa_Cruz5M,Santa_Cruz,1,1,116,198,0,Censored,Censored,1
Santa_Cruz5M,Santa_Cruz,1,1,155,187,1,Management,DEPREDATION,1
Santa_Cruz62M,Santa_Cruz,1,1,287,364,0,Censored,Censored,1
Santa_Cruz62M,Santa_Cruz,1,1,0,83,1,Poached,ILLEGAL KILLING (CONFIRMED RETALIATORY),1
Santa_Cruz66M,Santa_Cruz,1,1,299,364,0,Censored,Censored,1
Santa_Cruz66M,Santa_Cruz,1,1,0,365,0,Censored,Censored,1
Santa_Cruz66M,Santa_Cruz,1,1,0,364,0,Censored,Censored,1
Santa_Cruz66M,Santa_Cruz,1,1,0,364,0,Censored,Censored,1
Santa_Cruz66M,Santa_Cruz,1,1,0,364,0,Censored,Censored,1
Santa_Cruz66M,Santa_Cruz,1,1,0,64,0,Censored,Censored,1
Santa_Cruz67M,Santa_Cruz,1,0,324,364,0,Censored,Censored,1
Santa_Cruz67M,Santa_Cruz,1,0,0,25,0,Censored,Censored,1
Santa_Cruz69F,Santa_Cruz,0,1,46,206,1,Poached,ILLEGAL KILLING (NOT CONFIRMED RETALIATORY),1
Santa_Cruz70M,Santa_Cruz,1,1,84,365,0,Censored,Censored,1
Santa_Cruz70M,Santa_Cruz,1,1,0,99,1,Unknown,UNKNOWN,1
Santa_Cruz77M,Santa_Cruz,1,0,210,365,0,Censored,Censored,1
Santa_Cruz77M,Santa_Cruz,1,0,0,32,0,Censored,Censored,1
Santa_Cruz78F,Santa_Cruz,0,1,278,365,0,Censored,Censored,1
Santa_Cruz78F,Santa_Cruz,0,1,0,364,0,Censored,Censored,1
Santa_Cruz78F,Santa_Cruz,0,1,0,345,0,Censored,Censored,1
Santa_Cruz79M,Santa_Cruz,1,1,326,365,0,Censored,Censored,1
Santa_Cruz79M,Santa_Cruz,1,1,0,138,0,Censored,Censored,1
Santa_Cruz7F,Santa_Cruz,0,1,275,364,0,Censored,Censored,1
Santa_Cruz7F,Santa_Cruz,0,1,0,364,0,Censored,Censored,1
Santa_Cruz7F,Santa_Cruz,0,1,0,365,0,Censored,Censored,1
Santa_Cruz7F,Santa_Cruz,0,1,0,364,0,Censored,Censored,1
Santa_Cruz7F,Santa_Cruz,0,1,0,225,1,Unknown,UNKNOWN,1
Santa_Cruz80F,Santa_Cruz,0,1,336,365,0,Censored,Censored,1
Santa_Cruz80F,Santa_Cruz,0,1,0,297,0,Censored,Censored,1
Santa_Cruz81F,Santa_Cruz,0,1,346,365,0,Censored,Censored,1
Santa_Cruz81F,Santa_Cruz,0,1,0,364,0,Censored,Censored,1
Santa_Cruz81F,Santa_Cruz,0,1,0,364,0,Censored,Censored,1
Santa_Cruz81F,Santa_Cruz,0,1,0,364,0,Censored,Censored,1
Santa_Cruz81F,Santa_Cruz,0,1,0,64,0,Censored,Censored,1
Santa_Cruz82M,Santa_Cruz,1,1,86,364,0,Censored,Censored,1
Santa_Cruz82M,Santa_Cruz,1,1,0,364,0,Censored,Censored,1
Santa_Cruz82M,Santa_Cruz,1,1,0,211,1,ISA,PUMA,1
Santa_Cruz83M,Santa_Cruz,1,0,108,364,0,Censored,Censored,1
Santa_Cruz83M,Santa_Cruz,1,0,0,185,0,Censored,Censored,1
Santa_Cruz84M,Santa_Cruz,1,0,123,313,1,Management,DEPREDATION,1
Santa_Cruz85F,Santa_Cruz,0,0,121,208,1,Unknown,UNKNOWN,1
Santa_Cruz93M,Santa_Cruz,1,0,308,335,0,Censored,Censored,1
Santa_Cruz94F,Santa_Cruz,0,0,114,137,0,Censored,Censored,1
Santa_Cruz95F,Santa_Cruz,0,0,121,202,0,Censored,Censored,1
Santa_Cruz95F,Santa_Cruz,0,1,196,364,0,Censored,Censored,1
Santa_Cruz95F,Santa_Cruz,0,1,0,92,0,Censored,Censored,1
Santa_Cruz98F,Santa_Cruz,0,1,157,364,0,Censored,Censored,1
Santa_Cruz98F,Santa_Cruz,0,1,0,364,0,Censored,Censored,1
Santa_Cruz98F,Santa_Cruz,0,1,0,64,0,Censored,Censored,1
Santa_Cruz9M,Santa_Cruz,1,0,24,160,1,Management,DEPREDATION,1
Sierra_FoothillsAF180,Sierra_Foothills,0,1,88,364,0,Censored,Censored,2
Sierra_FoothillsAF180,Sierra_Foothills,0,1,0,195,0,Censored,Censored,2
Sierra_FoothillsAF200,Sierra_Foothills,0,1,23,364,0,Censored,Censored,2
Sierra_FoothillsAF200,Sierra_Foothills,0,1,1,110,1,Management,DEPREDATION,2
Sierra_FoothillsAF797,Sierra_Foothills,0,1,54,219,0,Censored,Censored,2
Sierra_FoothillsAF819,Sierra_Foothills,0,1,49,278,0,Censored,Censored,2
Sierra_FoothillsAF868,Sierra_Foothills,0,1,52,364,0,Censored,Censored,2
Sierra_FoothillsAF868,Sierra_Foothills,0,1,0,42,0,Censored,Censored,2
Sierra_FoothillsAM160,Sierra_Foothills,1,1,33,318,1,Unknown,UNKNOWN,2
Sierra_FoothillsAM190,Sierra_Foothills,1,1,77,364,0,Censored,Censored,2
Sierra_FoothillsAM190,Sierra_Foothills,1,1,0,195,0,Censored,Censored,2
Sierra_FoothillsAM852,Sierra_Foothills,1,1,32,99,1,Management,DEPREDATION,2
Sierra_FoothillsSF901,Sierra_Foothills,0,0,108,317,0,Censored,Censored,2
Sierra_FoothillsSF901,Sierra_Foothills,0,0,7,13,0,Censored,Censored,2
Sierra_FoothillsSF901,Sierra_Foothills,0,1,336,340,0,Censored,Censored,2
Sierra_FoothillsSM119,Sierra_Foothills,1,0,245,364,0,Censored,Censored,2
Sierra_FoothillsSM119,Sierra_Foothills,1,0,0,90,1,ISA,MTN LION,2
Sierra_FoothillsSM130,Sierra_Foothills,1,0,126,364,0,Censored,Censored,2
Sierra_FoothillsSM130,Sierra_Foothills,1,0,0,244,0,Censored,Censored,2
Sierra_FoothillsSM170,Sierra_Foothills,1,0,140,298,0,Censored,Censored,2
Sierra_FoothillsSM852,Sierra_Foothills,1,0,9,189,1,Vehicle,HIT BY CAR,2
Siskiyou10M,Siskiyou,1,0,303,353,0,Censored,Censored,3
Siskiyou10M,Siskiyou,1,0,7,13,0,Censored,Censored,3
Siskiyou10M,Siskiyou,1,1,343,348,0,Censored,Censored,3
Siskiyou10M,Siskiyou,1,1,28,33,0,Censored,Censored,3
Siskiyou12M,Siskiyou,1,1,348,364,0,Censored,Censored,3
Siskiyou12M,Siskiyou,1,1,0,364,0,Censored,Censored,3
Siskiyou12M,Siskiyou,1,1,0,43,1,ISA,INTRASPECIFIC (KILLED BY OTHER PUMA). THIS PUMA...,3
Siskiyou13F,Siskiyou,0,1,42,364,0,Censored,Censored,3
Siskiyou13F,Siskiyou,0,1,0,60,0,Censored,Censored,3
Siskiyou14M,Siskiyou,1,1,78,364,0,Censored,Censored,3
Siskiyou14M,Siskiyou,1,1,0,101,0,Censored,Censored,3
Siskiyou15M,Siskiyou,1,1,137,191,1,ISA,INTRASPECIFIC (KILLED BY OTHER PUMA),3
Siskiyou1F,Siskiyou,0,1,29,364,0,Censored,Censored,3
Siskiyou1F,Siskiyou,0,1,0,364,0,Censored,Censored,3
Siskiyou1F,Siskiyou,0,1,0,190,0,Censored,Censored,3
Siskiyou2F,Siskiyou,0,1,42,64,1,Poached,POACHED (TREED WITH HOUNDS; GUNSHOT),3
Siskiyou3M,Siskiyou,1,0,57,244,0,Censored,Censored,3
Siskiyou3M,Siskiyou,1,1,238,364,0,Censored,Censored,3
Siskiyou3M,Siskiyou,1,1,0,364,0,Censored,Censored,3
Siskiyou3M,Siskiyou,1,1,0,10,1,Vehicle,TRAINKILL (HIT BY TRAIN),3
Siskiyou4M,Siskiyou,1,1,65,171,0,Censored,Censored,3
Siskiyou4M,Siskiyou,1,1,21,339,1,Poached,POACHED (TREED WITH HOUNDS; GUNSHOT),3
Siskiyou5M,Siskiyou,1,1,66,364,0,Censored,Censored,3
Siskiyou5M,Siskiyou,1,1,0,364,0,Censored,Censored,3
Siskiyou5M,Siskiyou,1,1,0,269,0,Censored,Censored,3
Siskiyou6M,Siskiyou,1,1,312,327,1,Vehicle,ROADKILL (HIT BY VEHICLE),3
Siskiyou7M,Siskiyou,1,1,343,364,0,Censored,Censored,3
Siskiyou7M,Siskiyou,1,1,0,364,0,Censored,Censored,3
Siskiyou7M,Siskiyou,1,1,0,48,1,Poached,POACHED OR BYCATCH (DIED LIKELY OF EXPOSURE AND...,3
Siskiyou8F,Siskiyou,0,1,355,364,0,Censored,Censored,3
Siskiyou8F,Siskiyou,0,1,0,364,0,Censored,Censored,3
Siskiyou8F,Siskiyou,0,1,0,45,0,Censored,Censored,3
Siskiyou9F,Siskiyou,0,1,56,364,0,Censored,Censored,3
Siskiyou9F,Siskiyou,0,1,0,118,0,Censored,Censored,3
Southern_SierraPF01,Southern_Sierra,0,1,105,364,0,Censored,Censored,3
Southern_SierraPF01,Southern_Sierra,0,1,0,364,0,Censored,Censored,3
Southern_SierraPF01,Southern_Sierra,0,1,0,106,0,Censored,Censored,3
Southern_SierraPF02,Southern_Sierra,0,1,107,345,0,Censored,Censored,3
Southern_SierraPF04,Southern_Sierra,0,1,96,364,0,Censored,Censored,3
Southern_SierraPF04,Southern_Sierra,0,1,0,219,0,Censored,Censored,3
Southern_SierraPF05,Southern_Sierra,0,1,87,215,0,Censored,Censored,3
Southern_SierraPF06,Southern_Sierra,0,1,15,253,0,Censored,Censored,3
Southern_SierraPM02,Southern_Sierra,1,0,95,113,0,Censored,Censored,3
Southern_SierraPM03,Southern_Sierra,1,1,126,364,0,Censored,Censored,3
Southern_SierraPM03,Southern_Sierra,1,1,0,26,0,Censored,Censored,3
Southern_SierraPM04,Southern_Sierra,1,1,7,253,0,Censored,Censored,3
Transverse_RangeSBF1,Transverse_Range,0,0,351,364,0,Censored,Censored,2
Transverse_RangeSBF1,Transverse_Range,0,0,0,204,0,Censored,Censored,2
Transverse_RangeSBM1,Transverse_Range,1,0,346,364,0,Censored,Censored,2
Transverse_RangeSBM1,Transverse_Range,1,0,0,193,1,Vehicle,HIT BY CAR,2
